post_log_no,post_date,prog_ver,item_no,stock_name,leg_idx,ret_pct,is_loss,leg_open_ended
224364189017,2026-07-31,1.0.30,1,가온칩스,1,25.10,0,0
224364189017,2026-07-31,1.0.30,1,가온칩스,2,15.60,0,0
224364189017,2026-07-31,1.0.30,1,가온칩스,3,14.32,0,0
224364189017,2026-07-31,1.0.30,1,가온칩스,4,8.74,0,0
224364189017,2026-07-31,1.0.30,1,가온칩스,5,4.75,0,0
224364189017,2026-07-31,1.0.30,2,다날,1,14.31,0,0
224364189017,2026-07-31,1.0.30,2,다날,2,13.97,0,0
224364189017,2026-07-31,1.0.30,2,다날,3,10.99,0,0
224364189017,2026-07-31,1.0.30,2,다날,4,9.67,0,0
224364189017,2026-07-31,1.0.30,2,다날,5,6.23,0,1
224364189017,2026-07-31,1.0.30,3,다스코,1,24.67,0,0
224364189017,2026-07-31,1.0.30,3,다스코,2,22.34,0,0
224364189017,2026-07-31,1.0.30,3,다스코,3,19.78,0,0
224364189017,2026-07-31,1.0.30,3,다스코,4,17.45,0,0
224364189017,2026-07-31,1.0.30,3,다스코,5,15.36,0,1
224364189017,2026-07-31,1.0.30,4,마키나락스,1,16.84,0,0
224364189017,2026-07-31,1.0.30,4,마키나락스,2,16.83,0,0
224364189017,2026-07-31,1.0.30,4,마키나락스,3,15.39,0,0
224364189017,2026-07-31,1.0.30,4,마키나락스,4,15.39,0,0
224364189017,2026-07-31,1.0.30,4,마키나락스,5,11.08,0,0
224364189017,2026-07-31,1.0.30,4,마키나락스,6,7.32,0,0
224364189017,2026-07-31,1.0.30,5,티엑스알로보틱스,1,24.64,0,0
224364189017,2026-07-31,1.0.30,5,티엑스알로보틱스,2,22.35,0,0
224364189017,2026-07-31,1.0.30,5,티엑스알로보틱스,3,11.96,0,0
224364189017,2026-07-31,1.0.30,5,티엑스알로보틱스,4,1.29,0,0
224364189017,2026-07-31,1.0.30,6,금호건설,1,39.70,0,0
224364189017,2026-07-31,1.0.30,6,금호건설,2,22.86,0,0
224364189017,2026-07-31,1.0.30,6,금호건설,3,20.33,0,0
224364189017,2026-07-31,1.0.30,6,금호건설,4,17.76,0,0
224364189017,2026-07-31,1.0.30,6,금호건설,5,15.08,0,1
224364189017,2026-07-31,1.0.30,7,데이타솔루션,1,7.62,0,0
224364189017,2026-07-31,1.0.30,8,셀바스AI,1,12.13,0,0
224364189017,2026-07-31,1.0.30,8,셀바스AI,2,0.43,0,0
224364189017,2026-07-31,1.0.30,9,코스모로보틱스,1,15.34,0,0
224364189017,2026-07-31,1.0.30,9,코스모로보틱스,2,13.38,0,0
224364189017,2026-07-31,1.0.30,10,삼기,1,28.57,0,0
224364189017,2026-07-31,1.0.30,10,삼기,2,19.75,0,0
224364189017,2026-07-31,1.0.30,10,삼기,3,16.61,0,0
224364189017,2026-07-31,1.0.30,10,삼기,4,14.32,0,0
224364189017,2026-07-31,1.0.30,10,삼기,5,14.02,0,1
224364189017,2026-07-31,1.0.30,11,씨피시스템,1,9.65,0,0
224364189017,2026-07-31,1.0.30,12,현대약품,1,9.01,0,0
224364189017,2026-07-31,1.0.30,12,현대약품,2,8.91,0,0
224364189017,2026-07-31,1.0.30,12,현대약품,3,6.22,0,0
224364189017,2026-07-31,1.0.30,12,현대약품,4,-9.60,1,0
224364189017,2026-07-31,1.0.30,13,금호전기,1,20.17,0,0
224364189017,2026-07-31,1.0.30,14,동신건설,1,21.06,0,0
224364189017,2026-07-31,1.0.30,14,동신건설,2,14.45,0,0
224364189017,2026-07-31,1.0.30,14,동신건설,3,8.12,0,0
224364189017,2026-07-31,1.0.30,14,동신건설,4,8.12,0,0
224364189017,2026-07-31,1.0.30,15,남화토건,1,30.23,0,0
224364189017,2026-07-31,1.0.30,15,남화토건,2,24.84,0,0
224364189017,2026-07-31,1.0.30,15,남화토건,3,17.78,0,0
224364189017,2026-07-31,1.0.30,15,남화토건,4,12.64,0,0
224364189017,2026-07-31,1.0.30,15,남화토건,5,10.96,0,0
224364189017,2026-07-31,1.0.30,16,삼호개발,1,8.48,0,0
224364189017,2026-07-31,1.0.30,16,삼호개발,2,8.47,0,0
224364189017,2026-07-31,1.0.30,16,삼호개발,3,6.87,0,0
224364189017,2026-07-31,1.0.30,17,한성크린텍,1,8.97,0,0
224364189017,2026-07-31,1.0.30,17,한성크린텍,2,7.73,0,0
224364189017,2026-07-31,1.0.30,17,한성크린텍,3,7.22,0,0
224364189017,2026-07-31,1.0.30,17,한성크린텍,4,3.49,0,0
224364189017,2026-07-31,1.0.30,17,한성크린텍,5,3.49,0,0
224364189017,2026-07-31,1.0.30,18,삼기에너지솔루션즈,1,8.00,0,0
224364189017,2026-07-31,1.0.30,18,삼기에너지솔루션즈,2,2.14,0,0
224364189017,2026-07-31,1.0.30,18,삼기에너지솔루션즈,3,0.27,0,0
224364189017,2026-07-31,1.0.30,19,에스폴리텍,1,17.95,0,0
224364189017,2026-07-31,1.0.30,19,에스폴리텍,2,16.53,0,0
224364189017,2026-07-31,1.0.30,19,에스폴리텍,3,10.21,0,0
224364189017,2026-07-31,1.0.30,19,에스폴리텍,4,8.59,0,0
224364189017,2026-07-31,1.0.30,20,삼화전자,1,20.07,0,0
224364189017,2026-07-31,1.0.30,20,삼화전자,2,11.87,0,0
224364189017,2026-07-31,1.0.30,21,모나미,1,20.66,0,0
224364189017,2026-07-31,1.0.30,21,모나미,2,17.84,0,0
224364189017,2026-07-31,1.0.30,21,모나미,3,10.82,0,0
224364189017,2026-07-31,1.0.30,21,모나미,4,-13.28,1,0
224364189017,2026-07-31,1.0.30,21,모나미,5,-13.94,1,1
224364189017,2026-07-31,1.0.30,22,한성기업,1,-19.93,1,0
224364189017,2026-07-31,1.0.30,22,한성기업,2,-20.90,1,0
224364189017,2026-07-31,1.0.30,22,한성기업,3,-24.64,1,0
224364189017,2026-07-31,1.0.30,23,지엔씨에너지,1,-0.26,1,0
224364189017,2026-07-31,1.0.30,23,지엔씨에너지,2,-0.27,1,0
224364189017,2026-07-31,1.0.30,23,지엔씨에너지,3,-17.92,1,0
224364189017,2026-07-31,1.0.30,23,지엔씨에너지,4,-19.17,1,0
224371400049,2026-08-07,1.0.32,1,씨피시스템,1,22.21,0,0
224371400049,2026-08-07,1.0.32,1,씨피시스템,2,15.92,0,0
224371400049,2026-08-07,1.0.32,1,씨피시스템,3,9.65,0,0
224371400049,2026-08-07,1.0.32,2,케이엔알시스템,1,8.84,0,0
224371400049,2026-08-07,1.0.32,2,케이엔알시스템,2,8.76,0,0
224371400049,2026-08-07,1.0.32,2,케이엔알시스템,3,8.70,0,0
224371400049,2026-08-07,1.0.32,2,케이엔알시스템,4,2.85,0,0
224371400049,2026-08-07,1.0.32,3,모나미,1,-0.25,1,0
224371400049,2026-08-07,1.0.32,3,모나미,2,-0.28,1,0
224371400049,2026-08-07,1.0.32,3,모나미,3,-13.79,1,0
224371400049,2026-08-07,1.0.32,3,모나미,4,-13.28,1,0
224371400049,2026-08-07,1.0.32,3,모나미,5,-19.42,1,0
224378680510,2026-08-14,1.0.33,1,케이엔알시스템,1,26.71,0,0
224378680510,2026-08-14,1.0.33,1,케이엔알시스템,2,24.03,0,0
224378680510,2026-08-14,1.0.33,1,케이엔알시스템,3,24.00,0,0
224378680510,2026-08-14,1.0.33,1,케이엔알시스템,4,21.74,0,0
224378680510,2026-08-14,1.0.33,2,에스피지,1,21.44,0,0
224378680510,2026-08-14,1.0.33,2,에스피지,2,18.51,0,0
224378680510,2026-08-14,1.0.33,2,에스피지,3,12.03,0,0
224378680510,2026-08-14,1.0.33,3,솔트룩스,1,16.20,0,0
224378680510,2026-08-14,1.0.33,3,솔트룩스,2,16.10,0,0
224378680510,2026-08-14,1.0.33,3,솔트룩스,3,10.63,0,0
224378680510,2026-08-14,1.0.33,3,솔트룩스,4,0.68,0,0
224378680510,2026-08-14,1.0.33,4,마키나락스,1,16.58,0,0
224378680510,2026-08-14,1.0.33,4,마키나락스,2,11.99,0,0
224378680510,2026-08-14,1.0.33,4,마키나락스,3,10.55,0,0
224378680510,2026-08-14,1.0.33,5,매드업,1,8.77,0,0
224378680510,2026-08-14,1.0.33,5,매드업,2,0.40,0,0
224378680510,2026-08-14,1.0.33,6,빛과전자,1,8.66,0,0
224378680510,2026-08-14,1.0.33,6,빛과전자,2,0.34,0,0
224378680510,2026-08-14,1.0.33,7,씨피시스템,1,9.29,0,0
224378680510,2026-08-14,1.0.33,7,씨피시스템,2,3.26,0,0
224378680510,2026-08-14,1.0.33,7,씨피시스템,3,3.24,0,0
224378680510,2026-08-14,1.0.33,7,씨피시스템,4,0.43,0,0
224378680510,2026-08-14,1.0.33,7,씨피시스템,5,0.42,0,0
