j,strategy,delta,se,p_up,p_down,n1
0,book_pullback_ma20,-0.13294838659765285,0.08583285309053033,0.939299753146279,0.06070024685372104,15644
1,book_pullback_ma20,-0.19327939398205046,0.07936584235629997,0.9925602135067841,0.007439786493215839,15649
2,book_pullback_ma20,0.5005791710155281,0.40737539015482943,0.10957510773225143,0.8904248922677486,15626
3,book_pullback_ma20,-0.1434776584936568,0.09219122701779042,0.9401821967849631,0.059817803215036824,15647
4,book_pullback_ma20,-0.036219584224271836,0.1134824712272501,0.6251991392662318,0.37480086073376817,15646
5,book_pullback_ma20,0.04169053067748879,0.16606135923027526,0.4008858023161593,0.5991141976838408,15659
6,book_pullback_ma20,0.21233497226969644,0.2110614715684078,0.15719965791581916,0.8428003420841809,15635
7,book_pullback_ma20,-0.07984409322294338,0.10013124381633232,0.787388995113635,0.21261100488636492,15665
8,book_pullback_ma20,-0.07521915988782134,0.10928730295272382,0.7543585801357547,0.2456414198642452,15674
9,book_pullback_ma20,-0.0317681838510334,0.11072318854551189,0.6129114366299095,0.3870885633700905,15642
10,book_pullback_ma20,-0.18752451284026117,0.08375519130704072,0.9874207365444796,0.012579263455520474,15673
11,book_pullback_ma20,0.48334570587524844,0.4140657984324099,0.12154135354821362,0.8784586464517863,15650
12,book_pullback_ma20,0.0066491446742676374,0.11542691469137194,0.4770317119194034,0.5229682880805966,15646
13,book_pullback_ma20,0.09868179821581699,0.1267903236724715,0.21819402078061792,0.7818059792193821,15664
14,book_pullback_ma20,0.10811061563450827,0.12103721846464068,0.18587465839367595,0.8141253416063241,15663
15,book_pullback_ma20,-0.17212422705498093,0.1018073182396348,0.9545516234278437,0.04544837657215625,15648
16,book_pullback_ma20,-0.06935482291248464,0.13442881611423876,0.6970456580001806,0.3029543419998194,15649
17,book_pullback_ma20,0.035645621046612244,0.1431791315160366,0.4016965516442503,0.5983034483557497,15648
18,book_pullback_ma20,-0.11286602134106412,0.08225143449389517,0.9150005479457153,0.08499945205428472,15640
19,book_pullback_ma20,-0.1140899032092005,0.08526833548578208,0.9095534452337262,0.09044655476627379,15659
20,book_pullback_ma20,-0.05590040967373393,0.09272457066370308,0.7267007901760132,0.2732992098239868,15658
21,book_pullback_ma20,-0.018282734431551664,0.12336007146109336,0.5589100029361557,0.44108999706384433,15640
22,book_pullback_ma20,-0.14611116038117394,0.09167715222213588,0.9445048340077725,0.055495165992227494,15657
23,book_pullback_ma20,0.022000894245975497,0.11078654433920809,0.4212924642165668,0.5787075357834333,15650
24,book_pullback_ma20,-0.03726686564949343,0.10369418034969877,0.6403490951745702,0.35965090482542983,15646
25,book_pullback_ma20,0.13998197387041195,0.19232165035682505,0.23335165512543746,0.7666483448745625,15650
26,book_pullback_ma20,0.47297093617574404,0.40790946977302583,0.12312626521670493,0.8768737347832951,15643
27,book_pullback_ma20,0.04501986283623682,0.12632081036789988,0.3607731050123707,0.6392268949876293,15649
28,book_pullback_ma20,-0.0882808599729145,0.0911587322440809,0.8335851929713427,0.16641480702865732,15637
29,book_pullback_ma20,-0.04585778796539884,0.09852110240522347,0.6791995278184961,0.32080047218150387,15646
30,book_pullback_ma20,-0.022490054202548695,0.10352924350830495,0.585986939649513,0.414013060350487,15668
31,book_pullback_ma20,0.054230945600795576,0.1235077049027491,0.3302983164691873,0.6697016835308127,15657
32,book_pullback_ma20,0.15919544976700412,0.18248524341299743,0.1915020882058737,0.8084979117941262,15659
33,book_pullback_ma20,0.07933103947013506,0.13401413828862788,0.2769386116694418,0.7230613883305582,15667
34,book_pullback_ma20,0.005946663394406915,0.12107820756596577,0.4804141300828275,0.5195858699171725,15660
35,book_pullback_ma20,0.053848440535335926,0.13114915974543878,0.3406868587044344,0.6593131412955656,15666
36,book_pullback_ma20,0.4667166005000023,0.4105614828852929,0.12781588778563915,0.8721841122143608,15648
37,book_pullback_ma20,-0.07103376430578152,0.09193383364603672,0.7801387295493245,0.2198612704506755,15657
38,book_pullback_ma20,0.006962753683030967,0.09235272948818048,0.4699509955432238,0.5300490044567763,15661
39,book_pullback_ma20,0.32089290626326633,0.21546244619948735,0.06820133220863424,0.9317986677913657,15658
40,book_pullback_ma20,-0.008206095183771786,0.13611265348156013,0.5240372669279695,0.4759627330720305,15663
41,book_pullback_ma20,0.059372451227296084,0.13468217893213366,0.32966667580479037,0.6703333241952096,15662
42,book_pullback_ma20,-0.2319188152277566,0.08618255165841812,0.9964382845947521,0.003561715405247811,15659
43,book_pullback_ma20,-0.20063674766370576,0.09085240359658195,0.9863911473038103,0.013608852696189744,15659
44,book_pullback_ma20,-0.053165591333600534,0.1256709969520436,0.6638719912595469,0.3361280087404531,15654
45,book_pullback_ma20,-0.11055758857102276,0.09746796769063616,0.871664931615,0.12833506838499997,15657
46,book_pullback_ma20,-0.12743614911058748,0.08284514214283002,0.9380056735827788,0.061994326417221274,15650
47,book_pullback_ma20,-0.06912530070399332,0.07901498152861544,0.8091689445761329,0.19083105542386714,15656
48,book_pullback_ma20,-0.18515506879517268,0.0994973172982822,0.9686212128306124,0.031378787169387565,15665
49,book_pullback_ma20,0.19870124334359024,0.1499411150182808,0.09255321132924128,0.9074467886707587,15642
50,book_pullback_ma20,0.11412315874582654,0.12081342793160112,0.17242565640973118,0.8275743435902687,15654
51,book_pullback_ma20,0.3576046816866965,0.40518605149877496,0.1887345696872155,0.8112654303127844,15656
52,book_pullback_ma20,0.19331508616919735,0.1333167142837273,0.07352314104682996,0.92647685895317,15643
53,book_pullback_ma20,0.03245166595771734,0.162924731765281,0.42106020873559813,0.5789397912644019,15650
54,book_pullback_ma20,0.009989210555344616,0.13772764127052062,0.47109057223513795,0.528909427764862,15645
55,book_pullback_ma20,-0.06483569638557611,0.10843976113282604,0.7250453261364971,0.2749546738635029,15652
56,book_pullback_ma20,0.21381164069330078,0.20321043685150209,0.14636110167434277,0.8536388983256572,15634
57,book_pullback_ma20,-0.008742813240408473,0.09480268221354318,0.5367388364292606,0.4632611635707394,15649
58,book_pullback_ma20,-0.2150919850539879,0.08006223354225102,0.9963903997188719,0.0036096002811280706,15651
59,book_pullback_ma20,0.0595772801144882,0.11521705743428869,0.30254760034035005,0.69745239965965,15663
60,book_pullback_ma20,0.10435481133398637,0.11635172674028038,0.18488855346708533,0.8151114465329147,15651
61,book_pullback_ma20,-0.19669104820095534,0.10074099763679911,0.9745571795818306,0.025442820418169317,15649
62,book_pullback_ma20,0.19668310042598958,0.14056387909965443,0.08086998137715817,0.9191300186228418,15682
63,book_pullback_ma20,0.08513523901963393,0.11706905435781133,0.23354486223039259,0.7664551377696074,15630
64,book_pullback_ma20,0.12498340117210217,0.15619793035366386,0.21180892995650694,0.7881910700434931,15644
65,book_pullback_ma20,0.10559658661901535,0.14874326329734408,0.23887527023331445,0.7611247297666854,15644
66,book_pullback_ma20,-0.04179283335426033,0.11843532695424057,0.6379088197663778,0.3620911802336222,15657
67,book_pullback_ma20,0.1801414567610645,0.40032314605070374,0.326358785696628,0.673641214303372,15658
68,book_pullback_ma20,-0.16691543585484198,0.09380265118077843,0.962415515056154,0.03758448494384594,15652
69,book_pullback_ma20,0.11516483268899408,0.11732806033818959,0.1631576969842841,0.8368423030157159,15670
70,book_pullback_ma20,-0.07179036982592747,0.12394926826502843,0.7187700368569221,0.28122996314307785,15670
71,book_pullback_ma20,0.052792613751032266,0.11986713101395616,0.32981426027996774,0.6701857397200323,15659
72,book_pullback_ma20,0.014332587147247361,0.11894991845198714,0.4520464633057815,0.5479535366942185,15644
73,book_pullback_ma20,0.12346442499437432,0.1507616558085255,0.20641093919229467,0.7935890608077052,15651
74,book_pullback_ma20,-0.15093170380357873,0.08766695111273518,0.9574334240130693,0.04256657598693065,15646
75,book_pullback_ma20,0.047171682559696525,0.13136469315872804,0.35976406650376425,0.6402359334962358,15668
76,book_pullback_ma20,-0.003573549959130201,0.1307776448801024,0.5108998963513914,0.48910010364860856,15659
77,book_pullback_ma20,0.054013190817438356,0.13148571158500832,0.3406127742119844,0.6593872257880156,15662
78,book_pullback_ma20,0.2986589295046317,0.4067552080086813,0.23139900302070285,0.7686009969792971,15619
79,book_pullback_ma20,0.05139211512210522,0.1138182200225001,0.3258045187295373,0.6741954812704627,15669
80,book_pullback_ma20,0.34787643419656156,0.4015521211267111,0.19315475624430745,0.8068452437556926,15657
81,book_pullback_ma20,-0.009016000786788603,0.09595112331691952,0.5374313276316065,0.46256867236839355,15658
82,book_pullback_ma20,0.05942137481614172,0.12285296489036421,0.31430691998258564,0.6856930800174144,15651
83,book_pullback_ma20,-0.21441164761884995,0.07956843459983849,0.9964772106944909,0.0035227893055090817,15660
84,book_pullback_ma20,0.019903170167834133,0.14154199312220456,0.44408637122392247,0.5559136287760775,15642
85,book_pullback_ma20,0.13116560826556437,0.21449965830849974,0.27043574820485095,0.729564251795149,15652
86,book_pullback_ma20,-0.1756356983885371,0.08952046172172115,0.9751165159875084,0.024883484012491748,15650
87,book_pullback_ma20,-0.0473597592244832,0.10380985108396316,0.6758828225983466,0.3241171774016534,15647
88,book_pullback_ma20,-0.006768303376284007,0.1085138781511371,0.5248669818662228,0.4751330181337772,15663
89,book_pullback_ma20,-0.097111538940394,0.12020773754932594,0.790415645743304,0.20958435425669592,15657
90,book_pullback_ma20,-0.07018408214736323,0.08411560730186124,0.7979655593142372,0.20203444068576284,15654
91,book_pullback_ma20,0.08032664930417094,0.13023047085569336,0.26868207260893034,0.7313179273910697,15647
92,book_pullback_ma20,-0.2484173673644538,0.08465082381647769,0.9983301777814517,0.0016698222185483075,15657
93,book_pullback_ma20,-0.03437139449729905,0.12955465887977677,0.6046124334791038,0.39538756652089624,15653
94,book_pullback_ma20,0.056344420783390234,0.12742153670564807,0.3291761690366133,0.6708238309633867,15637
95,book_pullback_ma20,-0.04671329428782507,0.10939834781471403,0.6653110011800712,0.33468899881992875,15654
96,book_pullback_ma20,-0.06465289193558961,0.10365274691464278,0.7336024969848208,0.26639750301517917,15642
97,book_pullback_ma20,0.07094591312174006,0.11438485104435528,0.26755031786339845,0.7324496821366016,15640
98,book_pullback_ma20,0.13664081984352394,0.1575696937106417,0.1929225084601648,0.8070774915398353,15651
99,book_pullback_ma20,0.13747214690464274,0.15071219150676834,0.1808448428680282,0.8191551571319718,15637
0,minervini_volume_dryup,0.15282903908115736,0.20509543030031363,0.22808731144564767,0.7719126885543524,2621
1,minervini_volume_dryup,-0.03827757626924781,0.21515814476550246,0.5706009643695489,0.4293990356304511,2629
2,minervini_volume_dryup,-0.3348492867157382,0.21656077818958275,0.9389735419013003,0.06102645809869955,2633
3,minervini_volume_dryup,-0.49392233189552903,0.21681153021864483,0.9886402372598889,0.011359762740111074,2628
4,minervini_volume_dryup,-0.11856261194820346,0.21739060650525086,0.7072572611258339,0.29274273887416613,2630
5,minervini_volume_dryup,0.09149955641423711,0.2741417270601099,0.3692775632833404,0.6307224367166596,2629
6,minervini_volume_dryup,0.10448445996295354,0.22193339835315173,0.31889465270546435,0.6811053472945356,2627
7,minervini_volume_dryup,0.07643776606576903,0.22896822758995533,0.36925177537770515,0.6307482246222949,2627
8,minervini_volume_dryup,-0.023916420340123826,0.22631453931500475,0.5420809986302038,0.45791900136979624,2627
9,minervini_volume_dryup,0.03966942835641303,0.20197204009954298,0.42214444124205563,0.5778555587579444,2627
10,minervini_volume_dryup,-0.12247584166654615,0.21132067729179885,0.7188988295334169,0.2811011704665831,2628
11,minervini_volume_dryup,-0.3402422583908407,0.21664259693770976,0.9418532974452867,0.05814670255471332,2626
12,minervini_volume_dryup,-0.23143239825143969,0.19514579092453235,0.8821782156629614,0.11782178433703863,2625
13,minervini_volume_dryup,-0.36403494091534777,0.22545847110914782,0.9468059854847437,0.053194014515256204,2632
14,minervini_volume_dryup,0.007362228416584626,0.20737849961665122,0.4858399624249746,0.5141600375750254,2622
15,minervini_volume_dryup,-0.10960703919379901,0.2138574266012528,0.6958577959549734,0.3041422040450266,2627
16,minervini_volume_dryup,-0.21727954403949062,0.19348333468780354,0.8692787934001287,0.13072120659987138,2630
17,minervini_volume_dryup,0.10031571240142113,0.454204998815958,0.41260072495637806,0.5873992750436219,2633
18,minervini_volume_dryup,-0.06831477868790761,0.21962346713809713,0.6221202507568945,0.37787974924310547,2626
19,minervini_volume_dryup,0.02322676778615808,0.20129205573753617,0.45406863740520537,0.5459313625947946,2628
20,minervini_volume_dryup,-0.055971340106259114,0.22724024657165923,0.5972785160659421,0.4027214839340579,2632
21,minervini_volume_dryup,0.017616363306334287,0.21646328902437284,0.46756881005775996,0.53243118994224,2625
22,minervini_volume_dryup,-0.046232618259985224,0.22639041126746637,0.5809077734534881,0.4190922265465119,2629
23,minervini_volume_dryup,-0.2954522104270742,0.22180452204675938,0.9085762664455568,0.09142373355444325,2628
24,minervini_volume_dryup,0.298678103125148,0.21464802216248643,0.08204019080616899,0.917959809193831,2626
25,minervini_volume_dryup,0.46200924376829144,0.20962258284472307,0.01376199235774902,0.986238007642251,2633
26,minervini_volume_dryup,0.2739731912827898,0.21887948553428266,0.10533815178856129,0.8946618482114387,2625
27,minervini_volume_dryup,-0.2705893366337237,0.21897518637708024,0.8917163936295964,0.10828360637040357,2633
28,minervini_volume_dryup,-0.24973881711612467,0.2180289758915253,0.8739862534660496,0.12601374653395034,2622
29,minervini_volume_dryup,-0.19927239190593776,0.21501350485425444,0.8229822420793411,0.17701775792065888,2623
30,minervini_volume_dryup,-0.0641909563021972,0.20371523309842712,0.6236576693558198,0.37634233064418027,2624
31,minervini_volume_dryup,-0.13234674476979716,0.2165026844434849,0.7294974466123231,0.2705025533876769,2627
32,minervini_volume_dryup,-0.05340808341797935,0.21000720158901948,0.6003740813244328,0.3996259186755672,2628
33,minervini_volume_dryup,-0.16850816116969136,0.21893350382080168,0.7792543483492749,0.22074565165072507,2626
34,minervini_volume_dryup,-0.003999911460582067,0.21713904114375632,0.5073484876252448,0.49265151237475524,2625
35,minervini_volume_dryup,-0.06961363779009144,0.220102520900275,0.6241043367347489,0.3758956632652512,2629
36,minervini_volume_dryup,-0.10471953626540705,0.2118004749903163,0.6894971131672288,0.31050288683277116,2625
37,minervini_volume_dryup,0.18696201061164264,0.21099519769435188,0.18778288649987934,0.8122171135001207,2630
38,minervini_volume_dryup,-0.13624979216766542,0.20529306616419946,0.7465538163574247,0.2534461836425753,2629
39,minervini_volume_dryup,0.18024545548997634,0.23191348224553146,0.21851746968916966,0.7814825303108304,2624
40,minervini_volume_dryup,0.45730790769114915,0.2260607101450875,0.021539517631545792,0.9784604823684542,2625
41,minervini_volume_dryup,0.03174627852346308,0.20858307207462315,0.43951471995876173,0.5604852800412383,2629
42,minervini_volume_dryup,-0.13905275028390565,0.21570672183484366,0.7404190991319106,0.2595809008680893,2628
43,minervini_volume_dryup,0.33058095406058535,0.23902331354851697,0.08332492139533353,0.9166750786046665,2630
44,minervini_volume_dryup,-0.3714067157602358,0.20474250402070723,0.9651625708587428,0.03483742914125725,2622
45,minervini_volume_dryup,0.23358342533095994,0.2193602836031229,0.14347435499417685,0.8565256450058232,2625
46,minervini_volume_dryup,-0.3680273357823902,0.21132582604799524,0.9592034262328344,0.04079657376716555,2627
47,minervini_volume_dryup,-0.02436788863559884,0.20135411953405868,0.5481624287877993,0.4518375712122007,2626
48,minervini_volume_dryup,-0.024130131586729053,0.19419921013543087,0.5494431259981145,0.45055687400188554,2627
49,minervini_volume_dryup,0.127376363157638,0.20497619746560578,0.2671615706152982,0.7328384293847018,2626
50,minervini_volume_dryup,-0.32401275092730836,0.19639374451160585,0.9505093003173144,0.04949069968268567,2631
51,minervini_volume_dryup,-0.07220572769216901,0.22117209586120018,0.6279650499768931,0.37203495002310694,2628
52,minervini_volume_dryup,-0.05302578073388672,0.217330266086348,0.5963795934927247,0.40362040650727526,2628
53,minervini_volume_dryup,-0.16725454060855227,0.22949637571629597,0.7669347712351051,0.23306522876489477,2626
54,minervini_volume_dryup,0.02573629579884991,0.21849754709260408,0.45311798811729803,0.546882011882702,2633
55,minervini_volume_dryup,0.34766505789620655,0.22357679524862484,0.05997136157696817,0.9400286384230317,2631
56,minervini_volume_dryup,0.05741839508732256,0.25484252368880267,0.41086932584046437,0.5891306741595356,2629
57,minervini_volume_dryup,-0.10442267153671136,0.21181014649061133,0.6889941555394011,0.31100584446059887,2625
58,minervini_volume_dryup,0.018598698249988235,0.2068909542159274,0.4641848741589833,0.5358151258410168,2625
59,minervini_volume_dryup,0.0543414887105773,0.2139352037122815,0.3997442636349586,0.6002557363650414,2630
60,minervini_volume_dryup,0.05635175517206652,0.2094281005142205,0.3939361880283842,0.6060638119716159,2624
61,minervini_volume_dryup,0.10538775505015095,0.2297343026958064,0.3232113166958761,0.6767886833041239,2622
62,minervini_volume_dryup,0.12835047589733795,0.22980095656071936,0.2882416372339762,0.7117583627660238,2629
63,minervini_volume_dryup,-0.005720549322943386,0.21028553387719567,0.5108513766854629,0.48914862331453707,2626
64,minervini_volume_dryup,-0.14209275123665882,0.2071192243657944,0.7536570904845623,0.2463429095154376,2629
65,minervini_volume_dryup,-0.29265575674545535,0.21833253334469177,0.9099444372979,0.09005556270209997,2627
66,minervini_volume_dryup,-0.1426528932214956,0.22542678944815733,0.73657195791537,0.26342804208462994,2625
67,minervini_volume_dryup,-0.13331799215129383,0.21384829276351586,0.7334967798255949,0.2665032201744051,2626
68,minervini_volume_dryup,-0.0922069319352673,0.24520124886282532,0.6465586251440005,0.35344137485599947,2624
69,minervini_volume_dryup,0.38697500173191685,0.22568490863654464,0.043202930526708774,0.9567970694732912,2622
70,minervini_volume_dryup,-0.1724390803204095,0.21605877922821343,0.7875972184903655,0.21240278150963463,2630
71,minervini_volume_dryup,-0.14935601310627605,0.22403915731801952,0.7475025787140683,0.25249742128593167,2626
72,minervini_volume_dryup,-0.0906857235484039,0.21981197989620024,0.660035648886315,0.33996435111368495,2624
73,minervini_volume_dryup,0.5778746917055065,0.1955264583343888,0.00156091068271068,0.9984390893172893,2624
74,minervini_volume_dryup,-0.03708625874501299,0.20717849172946284,0.5710336291783952,0.4289663708216048,2631
75,minervini_volume_dryup,-0.43565461600722905,0.2013987774111399,0.9847349583611374,0.015265041638862532,2627
76,minervini_volume_dryup,-0.1801597714975852,0.20259380877217045,0.8130699110201279,0.18693008897987207,2627
77,minervini_volume_dryup,0.0028491192168825646,0.2726048107676273,0.4958305452436882,0.5041694547563118,2629
78,minervini_volume_dryup,-0.11230753828182415,0.24067816971855907,0.679617517736202,0.32038248226379795,2625
79,minervini_volume_dryup,0.23844476582170132,0.2198910525637732,0.13909887298675397,0.8609011270132461,2632
80,minervini_volume_dryup,-0.2228675838576315,0.21369244093664908,0.8515110804814685,0.14848891951853146,2626
81,minervini_volume_dryup,-0.22494337823366833,0.21927724262086754,0.8475165084670524,0.15248349153294766,2628
82,minervini_volume_dryup,0.04071383748569836,0.2073345552639464,0.42216113551153933,0.5778388644884607,2632
83,minervini_volume_dryup,0.036775309762038064,0.20560972800155375,0.42902390400470947,0.5709760959952905,2630
84,minervini_volume_dryup,0.08580013121768328,0.21156813495308813,0.34253893946121544,0.6574610605387845,2625
85,minervini_volume_dryup,-0.10584163843390051,0.2016909287239932,0.7001289549840214,0.2998710450159786,2625
86,minervini_volume_dryup,-0.18888600381917336,0.22225547137804083,0.8022984977921764,0.19770150220782362,2629
87,minervini_volume_dryup,-0.0038906048249086195,0.229913311144685,0.5067505995180958,0.49324940048190424,2627
88,minervini_volume_dryup,-0.3167114522003921,0.19734414686843627,0.945738652792586,0.05426134720741409,2630
89,minervini_volume_dryup,0.21791475185458153,0.47474401988863846,0.32311160226279945,0.6768883977372006,2631
90,minervini_volume_dryup,0.11922803857498317,0.2361637286221558,0.3068309370289373,0.6931690629710627,2630
91,minervini_volume_dryup,-0.08783702790897244,0.20603093208063425,0.6650660532773689,0.3349339467226311,2621
92,minervini_volume_dryup,-0.2030347981396256,0.2300809640260919,0.8112330719044023,0.18876692809559767,2624
93,minervini_volume_dryup,-0.5620380731099985,0.21486012580753283,0.9955494878453088,0.004450512154691105,2628
94,minervini_volume_dryup,0.027746113578182754,0.2056021521027361,0.446325505066302,0.553674494933698,2625
95,minervini_volume_dryup,-0.0725758752371664,0.217440542542956,0.6307247319188647,0.36927526808113537,2623
96,minervini_volume_dryup,-0.01837246758613012,0.18952980337197517,0.5386118229893705,0.46138817701062945,2631
97,minervini_volume_dryup,0.13559029274245693,0.22286818530198205,0.2714651389180519,0.7285348610819481,2629
98,minervini_volume_dryup,-0.04519770357302401,0.2149340835720659,0.5832779052438355,0.4167220947561645,2631
99,minervini_volume_dryup,0.12266829218208446,0.476601360004623,0.3984422067994744,0.6015577932005256,2630
0,daytrading_3methods_breakout,0.03535478726397501,0.08072899257691044,0.33071339739982303,0.6692866026001769,13181
1,daytrading_3methods_breakout,0.03312583767218852,0.0809282126179914,0.3411510523897995,0.6588489476102005,13172
2,daytrading_3methods_breakout,-0.07638074608154405,0.07773719513061536,0.8370857243294796,0.16291427567052044,13179
3,daytrading_3methods_breakout,-0.13378826417745543,0.07945416627261073,0.9538938984188158,0.046106101581184195,13182
4,daytrading_3methods_breakout,0.054547026598397774,0.08005291441257675,0.24781327817966162,0.7521867218203384,13185
5,daytrading_3methods_breakout,-0.03947661917190981,0.08044818240753196,0.6881837369970835,0.31181626300291654,13180
6,daytrading_3methods_breakout,-0.002746249160599734,0.078300764752955,0.5139892672633422,0.48601073273665785,13189
7,daytrading_3methods_breakout,-0.049553541069389306,0.07846985082711166,0.7361424684733349,0.26385753152666513,13179
8,daytrading_3methods_breakout,-0.08364151362013167,0.08593353545712808,0.8348048372538326,0.16519516274616747,13193
9,daytrading_3methods_breakout,-0.05391498312074855,0.080159453662152,0.7493980456218879,0.25060195437811206,13189
10,daytrading_3methods_breakout,-0.03209585216635247,0.08190493094327518,0.6524218132770315,0.3475781867229685,13184
11,daytrading_3methods_breakout,0.04093363466300737,0.0782773991390076,0.30051133080006026,0.6994886691999398,13180
12,daytrading_3methods_breakout,0.023939468431920963,0.08199595058994519,0.38515892686889075,0.6148410731311093,13183
13,daytrading_3methods_breakout,0.03264176147593012,0.07733837211586388,0.3364890632504459,0.6635109367495541,13177
14,daytrading_3methods_breakout,-0.0363720340872678,0.0785813149527877,0.6782671226883099,0.32173287731169015,13181
15,daytrading_3methods_breakout,0.002830200498690927,0.07759426309413299,0.4854520644464901,0.51454793555351,13189
16,daytrading_3methods_breakout,-0.06086018042022173,0.08092538432608334,0.7739904153924917,0.22600958460750842,13180
17,daytrading_3methods_breakout,-0.02872641478268745,0.08122426924460327,0.6382061000903017,0.36179389990969835,13183
18,daytrading_3methods_breakout,0.07055954642965995,0.07967177363859282,0.1879090331616402,0.8120909668383598,13189
19,daytrading_3methods_breakout,0.14393509630756113,0.07937729764136744,0.034892546191844766,0.9651074538081552,13174
20,daytrading_3methods_breakout,0.09579120920992817,0.08242980357176172,0.12259857059169084,0.8774014294083092,13189
21,daytrading_3methods_breakout,0.018335066237578523,0.08471571150691262,0.4143260858092902,0.5856739141907098,13180
22,daytrading_3methods_breakout,-0.15157245277424752,0.08115377267155097,0.9690993838446853,0.030900616155314673,13176
23,daytrading_3methods_breakout,-0.022148621773302346,0.0794417229234848,0.6098021441873243,0.3901978558126757,13187
24,daytrading_3methods_breakout,-0.15047673913957677,0.07876015387465661,0.9719700294073175,0.028029970592682387,13185
25,daytrading_3methods_breakout,0.0416606001427246,0.08011977652246186,0.30153911086071367,0.6984608891392863,13181
26,daytrading_3methods_breakout,-0.006316692279173586,0.08139157494470511,0.5309303291859948,0.4690696708140052,13182
27,daytrading_3methods_breakout,-0.0717866819637401,0.07831598049216043,0.8203314020864361,0.179668597913564,13189
28,daytrading_3methods_breakout,0.12825518966488464,0.08000882033986158,0.0544658774526883,0.9455341225473117,13187
29,daytrading_3methods_breakout,-0.09245431005498256,0.07940307092202199,0.877862328641955,0.12213767135804501,13179
30,daytrading_3methods_breakout,-0.07079403300480452,0.08187614383090598,0.8063839538631454,0.1936160461368545,13183
31,daytrading_3methods_breakout,0.05118698252081477,0.08082475561577257,0.2632661915689898,0.7367338084310102,13180
32,daytrading_3methods_breakout,-0.03141903345432301,0.08244748083145788,0.6484278198672071,0.3515721801327929,13177
33,daytrading_3methods_breakout,0.17566092734646893,0.08009036789883066,0.014143459651370373,0.9858565403486297,13181
34,daytrading_3methods_breakout,-0.07759404504794803,0.08148736588754751,0.8295077426889802,0.17049225731101983,13192
35,daytrading_3methods_breakout,-0.09270990765824522,0.08184185994487878,0.8713494595706712,0.12865054042932883,13180
36,daytrading_3methods_breakout,-0.05668496199618439,0.08255222681032043,0.7538501590410569,0.2461498409589431,13176
37,daytrading_3methods_breakout,-0.04955014678653352,0.0796859228501438,0.7329692486468103,0.26703075135318965,13190
38,daytrading_3methods_breakout,-0.007759500895897109,0.07874877419118953,0.5392462111613898,0.4607537888386101,13185
39,daytrading_3methods_breakout,0.09673526664428805,0.0845613559241844,0.12631899007937958,0.8736810099206205,13177
40,daytrading_3methods_breakout,-0.03266817506951247,0.07886984622850227,0.6606375010757146,0.3393624989242854,13177
41,daytrading_3methods_breakout,-0.1722365195073256,0.07724727553693803,0.9871155728137113,0.012884427186288709,13186
42,daytrading_3methods_breakout,-0.16428189149307398,0.08076930564050762,0.9790224070299407,0.020977592970059286,13182
43,daytrading_3methods_breakout,0.094457542386156,0.08047862418287408,0.12025814985539159,0.8797418501446084,13182
44,daytrading_3methods_breakout,-0.042588367663527193,0.07850907803422448,0.7062506335146025,0.2937493664853975,13187
45,daytrading_3methods_breakout,0.07057695404259373,0.08077109645822939,0.19111638894237012,0.8088836110576298,13186
46,daytrading_3methods_breakout,0.083201458477485,0.07933936949884485,0.14716315075353886,0.8528368492464611,13186
47,daytrading_3methods_breakout,-0.0038992805496406158,0.08175717214523262,0.5190197177179625,0.48098028228203743,13178
48,daytrading_3methods_breakout,0.010112400147030132,0.08563935056591494,0.45300164647368485,0.5469983535263152,13187
49,daytrading_3methods_breakout,0.02554382384872661,0.08146726351110807,0.37693252307113984,0.6230674769288601,13180
50,daytrading_3methods_breakout,0.13344968555857595,0.07769725766189613,0.04293846996145445,0.9570615300385455,13180
51,daytrading_3methods_breakout,0.07391065740200337,0.0825593308457155,0.18532861972557127,0.8146713802744288,13185
52,daytrading_3methods_breakout,-0.094153216135683,0.07682789568559176,0.8898080987468607,0.11019190125313924,13176
53,daytrading_3methods_breakout,-0.04872452428479351,0.0795932814952427,0.7297869618515207,0.27021303814847936,13180
54,daytrading_3methods_breakout,0.1926612236033462,0.08127495972495286,0.008882337827604388,0.9911176621723956,13184
55,daytrading_3methods_breakout,-0.19347259405012368,0.07662478355549016,0.9942140146513078,0.005785985348692206,13183
56,daytrading_3methods_breakout,0.17416071142628053,0.08935477021737413,0.02564219028807937,0.9743578097119207,13181
57,daytrading_3methods_breakout,-0.01366343520943858,0.07659965327091543,0.5707856159918326,0.42921438400816736,13175
58,daytrading_3methods_breakout,0.08038749988507737,0.07733569628121525,0.14929501410740953,0.8507049858925905,13184
59,daytrading_3methods_breakout,-0.014527172392528709,0.0788151830487313,0.5731185777612902,0.42688142223870984,13184
60,daytrading_3methods_breakout,-0.0023920163169002806,0.08242380395197618,0.5115760552705162,0.4884239447294838,13192
61,daytrading_3methods_breakout,-0.07445138252248656,0.08017242229951488,0.8234623653920613,0.17653763460793867,13180
62,daytrading_3methods_breakout,-0.06972688457845028,0.08124765316553234,0.804609486968848,0.19539051303115193,13186
63,daytrading_3methods_breakout,-0.08123785344167361,0.0808248680921345,0.8425779687635171,0.157422031236483,13183
64,daytrading_3methods_breakout,0.026219692898536484,0.08160409445750426,0.3739901476704536,0.6260098523295464,13188
65,daytrading_3methods_breakout,0.07068685009474546,0.07872866321862713,0.18463167901810273,0.8153683209818974,13185
66,daytrading_3methods_breakout,0.07765889757915523,0.081341782026338,0.16985881249127252,0.8301411875087275,13194
67,daytrading_3methods_breakout,0.017640984492872547,0.0800182700141924,0.41275569826979125,0.5872443017302087,13181
68,daytrading_3methods_breakout,0.06920424437937733,0.0864004587976499,0.21157427599903103,0.7884257240009689,13175
69,daytrading_3methods_breakout,-0.03622592378560996,0.0820456314513174,0.6705867204405243,0.32941327955947575,13181
70,daytrading_3methods_breakout,0.07711937927942625,0.07619263041519404,0.15573000581372415,0.8442699941862759,13182
71,daytrading_3methods_breakout,0.09825574770821666,0.08735750119514528,0.13034652759026905,0.8696534724097309,13181
72,daytrading_3methods_breakout,-0.07214964228725035,0.08109979263964257,0.8131704649961151,0.18682953500388488,13181
73,daytrading_3methods_breakout,-0.0009371666434109804,0.07779827623650008,0.5048055866276296,0.4951944133723703,13176
74,daytrading_3methods_breakout,-0.028284603149048237,0.08412149802590822,0.6316532196786739,0.36834678032132606,13171
75,daytrading_3methods_breakout,0.04816071951184686,0.07852057713128391,0.2698219496077835,0.7301780503922165,13195
76,daytrading_3methods_breakout,0.11947840819668004,0.08123854617836443,0.07068467051978192,0.9293153294802181,13176
77,daytrading_3methods_breakout,-0.010491617439489676,0.07720313083153156,0.554048357512027,0.4459516424879731,13175
78,daytrading_3methods_breakout,0.09264026436541756,0.08525419561260612,0.1385988898886435,0.8614011101113564,13184
79,daytrading_3methods_breakout,-0.09636800827016317,0.07876939748328635,0.8894143334004381,0.11058566659956193,13182
80,daytrading_3methods_breakout,0.01938436765506557,0.08071696429180386,0.40510608081421356,0.5948939191857865,13188
81,daytrading_3methods_breakout,0.10236628280930188,0.07966982126938539,0.09941684096406984,0.9005831590359301,13183
82,daytrading_3methods_breakout,-0.04221204783633009,0.0798356528914684,0.7015059783051858,0.2984940216948142,13175
83,daytrading_3methods_breakout,0.07340379787797963,0.07842763609275148,0.17465126520753088,0.8253487347924692,13185
84,daytrading_3methods_breakout,-0.10251542350351212,0.08027630297887425,0.8992045596450418,0.10079544035495823,13186
85,daytrading_3methods_breakout,0.1384091669394062,0.08086727009291438,0.043488912912319995,0.95651108708768,13181
86,daytrading_3methods_breakout,-0.05918124279314724,0.09448285255442608,0.7344639229027169,0.2655360770972831,13187
87,daytrading_3methods_breakout,0.05935772470781525,0.08336404858756412,0.23822302081212765,0.7617769791878723,13179
88,daytrading_3methods_breakout,-0.011650524220211567,0.0805152440621804,0.5575259754992569,0.44247402450074313,13187
89,daytrading_3methods_breakout,0.04010812769713007,0.0808021029724847,0.30981500058930495,0.690184999410695,13190
90,daytrading_3methods_breakout,-0.04382064825053428,0.07849892479550126,0.7116571724970066,0.28834282750299345,13178
91,daytrading_3methods_breakout,-0.03489225961681741,0.08124856006927794,0.6662024065390157,0.3337975934609842,13179
92,daytrading_3methods_breakout,0.06735653093833033,0.09650552044061403,0.24260260217522053,0.7573973978247794,13188
93,daytrading_3methods_breakout,0.008358845570645423,0.07746116744580368,0.4570334860161535,0.5429665139838464,13180
94,daytrading_3methods_breakout,0.0019994046054817582,0.08062158616154776,0.49010729861553975,0.5098927013844603,13178
95,daytrading_3methods_breakout,0.017624433859608934,0.07790538760489865,0.4105117784018391,0.5894882215981609,13176
96,daytrading_3methods_breakout,0.015327719558070663,0.0811414451697968,0.4250851110881872,0.5749148889118127,13180
97,daytrading_3methods_breakout,-0.040348589514683675,0.08432892558282029,0.6838409936068626,0.3161590063931374,13184
98,daytrading_3methods_breakout,-0.027971000741896512,0.07777247972739078,0.6404461736944973,0.3595538263055027,13179
99,daytrading_3methods_breakout,0.03232029017569854,0.08186582981683047,0.3464967775610341,0.6535032224389659,13182
