post_date,stock_code,stock_name,regime,preset,src,bars_pre,bars_post,usable
2024-08-01,009070,KCTC,2024단타,,body,29,27,True
2024-08-01,108860,셀바스AI,2024단타,,body,29,27,True
2024-08-02,253840,수젠텍,2024단타,,body,30,27,True
2024-08-02,084650,랩지노믹스,2024단타,,body,30,27,True
2024-08-05,005870,휴니드,2024단타,,body,29,28,True
2024-08-05,253840,수젠텍,2024단타,,body,29,28,True
2024-08-05,024060,흥구석유,2024단타,,title_only,29,28,True
2024-08-06,460470,아이빔테크놀러지,2024단타,,body,1,27,False
2024-08-07,180400,DXVX,2024단타,,body,29,26,True
2024-08-07,950130,엑세스바이오,2024단타,,body,29,26,True
2024-08-08,011000,진원생명과학,2024단타,,body,29,25,True
2024-08-09,007160,사조산업,2024단타,,body,30,24,True
2024-08-09,014620,성광벤드,2024단타,,body,30,24,True
2024-08-09,053950,경남제약,2024단타,,title_only,30,24,True
2024-08-12,019170,신풍제약,2024단타,,body,29,25,True
2024-08-12,052420,오성첨단소재,2024단타,,body,29,25,True
2024-08-12,299660,셀리드,2024단타,,body,29,25,True
2024-08-13,053050,지에스이,2024단타,,body,29,24,True
2024-08-13,453450,그리드위즈,2024단타,,body,29,24,True
2024-08-14,294140,레몬,2024단타,,body,29,24,True
2024-08-14,323280,태성,2024단타,,body,29,24,True
2024-08-16,241820,피씨엘,2024단타,,body,29,25,True
2024-08-16,229000,젠큐릭스,2024단타,,body,29,25,True
2024-08-19,005690,파미셀,2024단타,,body,28,26,True
2024-08-19,096530,씨젠,2024단타,,body,28,26,True
2024-08-20,452280,한선엔지니어링,2024단타,,body,28,25,True
2024-08-20,039610,화성밸브,2024단타,,body,28,25,True
2024-08-20,011500,한농화성,2024단타,,body,28,25,True
2024-08-21,052420,오성첨단소재,2024단타,,body,28,25,True
2024-08-21,039610,화성밸브,2024단타,,body,28,25,True
2024-08-22,011500,한농화성,2024단타,,body,28,24,True
2024-08-22,001250,GS글로벌,2024단타,,body,28,24,True
2024-08-23,096530,씨젠,2024단타,,body,29,24,True
2024-08-23,039610,화성밸브,2024단타,,body,29,24,True
2024-08-23,053280,예스24,2024단타,,body,29,24,True
2024-08-26,397030,에이프릴바이오,2024단타,,body,28,24,True
2024-08-27,389650,넥스트바이오메디컬,2024단타,,body,6,23,False
2024-08-27,452280,한선엔지니어링,2024단타,,body,28,23,True
2024-08-28,389650,넥스트바이오메디컬,2024단타,,body,7,23,False
2024-08-28,000100,유한양행,2024단타,,title_only,28,23,True
2024-08-29,298380,에이비엘바이오,2024단타,,body,28,23,True
2024-08-30,011500,한농화성,2024단타,,body,29,22,True
2024-08-30,298380,에이비엘바이오,2024단타,,body,29,22,True
2024-08-30,456070,이엔셀,2024단타,,body,6,22,False
2025-05-13,382150,온코크로스,스윙,,body,26,26,True
2025-05-13,254490,미래반도체,스윙,,body,26,26,True
2025-05-13,038110,에코플라스틱,스윙,,body,26,26,True
2025-05-13,476060,온코닉테라퓨틱스,스윙,,body,26,26,True
2025-06-30,032940,원익,스윙,,body,27,29,True
2025-06-30,053300,한국정보인증,스윙,,body,27,29,True
2025-06-30,123690,한국화장품,스윙,,body,27,29,True
2025-06-30,130660,한전산업,스윙,,body,27,29,True
2025-07-25,001720,신영증권,스윙,,body,30,27,True
2025-07-25,093520,매커스,스윙,,body,30,27,True
2025-07-25,071090,하이스틸,스윙,,body,30,27,True
2025-07-25,177900,쓰리에이로직스,스윙,,body,30,27,True
2025-07-25,475460,미트박스,스윙,,body,30,27,True
2025-08-09,333430,일승,스윙,,body,30,28,True
2025-08-09,085310,엔케이,스윙,,body,30,28,True
2025-08-09,365330,에스와이스틸텍,스윙,,body,30,28,True
2025-08-09,009070,KCTC,스윙,,title_only,30,28,True
2025-08-14,365330,에스와이스틸텍,스윙,,body,29,27,True
2025-08-14,085310,엔케이,스윙,,body,29,27,True
2025-08-14,439580,블루엠텍,스윙,,body,29,27,True
2025-08-14,104620,노랑풍선,스윙,,title_only,29,27,True
2025-08-23,333430,일승,스윙,,body,29,29,True
2025-08-23,068050,팬엔터테인먼트,스윙,,body,29,29,True
2025-08-23,419050,삼기에너지솔루션,스윙,,body,29,29,True
2025-08-23,365330,에스와이스틸텍,스윙,,body,29,29,True
2025-08-23,077970,STX엔진,스윙,,title_only,29,29,True
2025-08-30,006910,보성파워텍,스윙,,body,29,24,True
2025-08-30,243840,신흥에스이씨,스윙,,body,29,24,True
2025-09-07,006910,보성파워텍,스윙,,body,28,25,True
2025-09-07,469750,아이비젼웍스,스윙,,body,28,25,True
2025-09-13,006910,보성파워텍,스윙,,body,29,24,True
2025-09-13,001270,부국증권,스윙,,body,29,24,True
2025-09-13,001720,신영증권,스윙,,body,29,24,True
2025-09-13,060250,NHN KCP,스윙,,body,29,24,True
2025-09-20,459510,나우로보틱스,스윙,,body,0,0,False
2025-09-20,163730,핑거,스윙,,body,29,24,True
2025-09-27,125490,한라캐스트,스윙,,body,28,24,True
2025-09-27,452280,한선엔지니어링,스윙,,body,30,24,True
2025-09-27,363260,모비데이즈,스윙,,body,30,24,True
2025-09-27,430690,한싹,스윙,,body,30,24,True
2025-09-27,459510,나우로보틱스,스윙,,body,0,0,False
2025-10-18,090360,로보스타,스윙,,body,25,29,True
2025-10-18,270660,에브리봇,스윙,,body,25,29,True
2025-10-18,000910,유니온,스윙,,body,25,29,True
2026-01-10,456070,이엔셀,스윙,하이브리드,body,27,26,True
2026-01-10,223250,드림씨아이에스,스윙,하이브리드,body,27,26,True
2026-01-10,476830,알지노믹스,스윙,하이브리드,body,14,26,False
2026-01-10,093240,형지엘리트,스윙,하이브리드,body,27,26,True
2026-01-10,474170,루미르,스윙,하이브리드,body,27,26,True
2026-01-10,053450,세코닉스,스윙,하이브리드,body,27,26,True
2026-01-17,071670,에이테크솔루션,스윙,하이브리드,body,27,26,True
2026-01-17,006805,미래에셋증권우,스윙,하이브리드,body,0,0,False
2026-01-17,087260,모바일어플라이언스,스윙,하이브리드,body,27,26,True
2026-01-23,101490,에스앤에스텍,스윙,하이브리드,body,27,24,True
2026-01-23,361390,제노코,스윙,하이브리드,body,27,24,True
2026-01-23,474170,루미르,스윙,하이브리드,body,27,24,True
2026-01-23,012860,모베이스전자,스윙,하이브리드,body,27,24,True
2026-01-23,006140,피제이전자,스윙,하이브리드,body,27,24,True
2026-01-23,119500,포메탈,스윙,하이브리드,body,27,24,True
2026-01-23,484810,티엑스알로보틱스,스윙,하이브리드,body,27,24,True
2026-01-23,087260,모바일어플라이언스,스윙,하이브리드,body,27,24,True
2026-01-23,053450,세코닉스,스윙,하이브리드,body,27,24,True
2026-01-30,011700,한신기계,스윙,하이브리드,body,27,24,True
2026-01-30,038500,삼표시멘트,스윙,하이브리드,body,27,24,True
2026-01-30,006140,피제이전자,스윙,하이브리드,body,27,24,True
2026-01-30,119500,포메탈,스윙,하이브리드,body,27,24,True
2026-01-30,201490,미투온,스윙,하이브리드,body,27,24,True
2026-01-30,484810,티엑스알로보틱스,스윙,하이브리드,body,27,24,True
2026-02-08,459550,알트,스윙,공격형,body,27,26,True
2026-02-08,491000,리브스메드,스윙,공격형,body,27,26,True
2026-02-08,484810,티엑스알로보틱스,스윙,공격형,body,27,26,True
2026-02-08,130660,한전산업,스윙,공격형,body,27,26,True
2026-02-08,053610,프로텍,스윙,공격형,body,27,26,True
2026-02-13,054920,한컴위드,스윙,안정형,body,30,24,True
2026-02-13,201490,미투온,스윙,안정형,body,30,24,True
2026-02-13,484810,티엑스알로보틱스,스윙,안정형,body,30,24,True
2026-02-13,322000,HD현대에너지솔루션,스윙,안정형,body,30,24,True
2026-02-13,012210,삼미금속,스윙,안정형,body,30,24,True
2026-02-13,225190,LK삼양,스윙,안정형,body,30,24,True
2026-02-27,060250,NHN KCP,스윙,하이브리드,body,27,27,True
2026-02-27,033100,제룡전기,스윙,하이브리드,body,27,27,True
2026-02-27,078600,대주전자재료,스윙,하이브리드,body,27,27,True
2026-02-27,460930,현대힘스,스윙,하이브리드,body,27,27,True
2026-02-27,001550,조비,스윙,하이브리드,body,27,27,True
2026-03-13,047770,코데즈컴바인,스윙,하이브리드,body,26,28,True
2026-03-13,209640,와이제이링크,스윙,,title_only,26,28,True
2026-03-20,039980,폴라리스AI,스윙,하이브리드,body,26,28,True
2026-03-20,041910,폴라리스AI파마,스윙,하이브리드,body,26,28,True
2026-03-20,230240,에치에프알,스윙,,body,26,28,True
2026-04-03,038110,에코플라스틱,스윙,하이브리드,body,29,26,True
2026-04-03,017900,광전자,스윙,하이브리드,body,29,26,True
2026-04-03,044490,태웅,스윙,하이브리드,body,29,26,True
2026-04-03,417200,LS머트리얼즈,스윙,하이브리드,body,29,26,True
2026-04-03,217590,티엠씨,스윙,하이브리드,body,29,26,True
2026-04-03,389260,대명에너지,스윙,하이브리드,body,29,26,True
2026-07-31,399720,가온칩스,자동매매,,body,29,0,False
2026-07-31,064260,다날,자동매매,,body,29,0,False
2026-07-31,058730,다스코,자동매매,,body,29,0,False
2026-07-31,477850,마키나락스,자동매매,,body,29,0,False
2026-07-31,484810,티엑스알로보틱스,자동매매,,body,29,0,False
2026-07-31,002990,금호건설,자동매매,,body,29,0,False
2026-07-31,263800,데이타솔루션,자동매매,,body,29,0,False
2026-07-31,108860,셀바스AI,자동매매,,body,29,0,False
2026-07-31,439960,코스모로보틱스,자동매매,,body,29,0,False
2026-07-31,122350,삼기,자동매매,,body,29,0,False
2026-07-31,413630,씨피시스템,자동매매,,body,29,0,False
2026-07-31,004310,현대약품,자동매매,,body,29,0,False
2026-07-31,001210,금호전기,자동매매,,body,29,0,False
2026-07-31,025950,동신건설,자동매매,,body,29,0,False
2026-07-31,091590,남화토건,자동매매,,body,29,0,False
2026-07-31,010960,삼호개발,자동매매,,body,29,0,False
2026-07-31,066980,한성크린텍,자동매매,,body,29,0,False
2026-07-31,419050,삼기에너지솔루션즈,자동매매,,body,29,0,False
2026-07-31,050760,에스폴리텍,자동매매,,body,29,0,False
2026-07-31,011230,삼화전자,자동매매,,body,29,0,False
2026-07-31,005360,모나미,자동매매,,body,29,0,False
