pool,arm,ctrl,k,D_est,sd_delta,sd_abs,se_date_rel,se_stock_rel,se_date_abs,se_stock_abs,cbb_rel,cbb_abs,G_stock,D_target,N_target,acf1_rel,acf1_abs,vif_rel,vif_abs
top100,rel_CB,rest,1,315,0.03748717403542395,0.038773619210836455,0.0021121629755857948,0.002096193366886793,0.0021846459498174515,0.002163327332156072,0.0020557901768277994,0.002150084769291965,1650,633,1162,-0.005323852994481411,-0.006850098412707435,0.9893691150315569,0.98632144645551
top100,rel_CB,rest,5,315,0.08644627283869807,0.09082412774993447,0.0048706956863365245,0.0048730059615607595,0.0051173598666575636,0.005122597719318907,0.0048311102320666086,0.005528289453978482,1650,633,1162,0.00758584338085712,0.09943741611505283,1.0448193393310463,1.3434407482218702
top100,rel_CB,rest,20,315,0.16025162657994718,0.16784798476994953,0.009029156268747184,0.00893156759510011,0.009457162565062006,0.009639594407802638,0.00873948611759757,0.012515873423175035,1650,633,1162,-0.0027177287399889776,0.09395915946912202,0.7360857341633443,2.5276062102074057
top100,rel_CB,10,1,315,0.040409103973645895,0.0392719417383175,0.002276795076872922,0.002170713473479699,0.0022127232434392963,0.0021848050168195984,0.002292920497128893,0.002229267584131236,910,633,1162,-0.00630632073872605,-0.008366453380955343,0.9874072837065565,0.9832935275299722
top100,rel_CB,10,5,315,0.09097177348033644,0.08995658044968259,0.005125678761140344,0.004897262449207985,0.005068479113858488,0.005020513145243973,0.0050783491459378775,0.005330659334337601,914,633,1162,-0.009580672454132825,0.0795245556701701,0.947977804240737,1.281534135066024
top100,rel_CB,10,20,315,0.1678749911004755,0.16485779064544756,0.009458684199405248,0.009068788048079734,0.009288684212609538,0.009525770022860673,0.008937626237854358,0.012131608909475289,912,633,1162,-0.00407766081612395,0.08688157061111561,0.744742890887508,2.7259692978601464
top100,abs_ALL,rest,1,315,0.03576879740138134,0.03710437721321053,0.0020153434206866497,0.002004819628390155,0.0020905948180531125,0.0020660839092216973,0.001972614878830002,0.0020621329038602036,1650,661,1361,-0.00457080947923009,-0.0032976723718208143,0.9908722110248355,0.9934146330850174
top100,abs_ALL,rest,5,315,0.0828882631460717,0.08748512093176294,0.004670224550997293,0.004670284802765716,0.0049292281453945505,0.00490924000948573,0.00462438669742431,0.005363645156454922,1650,661,1361,0.003595864891864955,0.10512362704455654,1.0319766457421609,1.372105793856463
top100,abs_ALL,rest,20,315,0.1537416989934089,0.1616065975551776,0.008662363402231359,0.008576537071290143,0.00910550023439716,0.009273356214917523,0.00836553628553437,0.01225773870140175,1650,661,1361,0.009220404551559539,0.11532613885328775,0.7791479435929285,2.7355257063745517
top200,rel_CB,rest,1,315,0.035597311948130636,0.0369930091446523,0.002005681309990724,0.0020021623651901017,0.002084319938254254,0.002063532292497959,0.001955930127288177,0.0020536683038912444,1976,633,1162,-0.004007676612422586,-0.002049033968123333,0.9919973092605021,0.9959084061047269
top200,rel_CB,rest,5,315,0.08122762496197626,0.08632201326046388,0.0045766581892071,0.004580030880862809,0.0048636944522541655,0.0048139619416891375,0.004573059486836093,0.0053938112604058385,1976,633,1162,-0.008820518340233072,0.09208495136676469,0.9523833990282541,1.274077595015621
top200,rel_CB,rest,20,315,0.1505888234852176,0.1584223095089649,0.008484718992206213,0.008403458076808201,0.008926085928361308,0.008947857012525798,0.008207829465297694,0.011679374916657971,1976,633,1162,-0.013001276440763201,0.08824517797459769,0.7530284729203407,2.454752648154492
top200,rel_CB,10,1,315,0.0381828906626002,0.037140513923945,0.0021513621667553543,0.0020465727652781308,0.0020926308910417216,0.0020600827136080095,0.0021345725799736858,0.0020953814425109783,1039,633,1162,-0.012820379415693528,-0.014632894545648676,0.9743997478966246,0.9707804443827805
top200,rel_CB,10,5,315,0.08723041063418902,0.0865110327475203,0.004914876845946699,0.004699034685652237,0.004874344493834988,0.004821710098048479,0.004822902427236913,0.005383039289116406,1037,633,1162,-0.006062303836040955,0.09437529014076906,0.9673546033386816,1.3212456317973478
top200,rel_CB,10,20,315,0.1619333547802734,0.1595701624676788,0.00912391091833403,0.008710997081905808,0.008990760115818624,0.00901594890022733,0.008600842782550053,0.011700784353288071,1039,633,1162,0.005891565324564969,0.10983217846412821,0.7710751407800811,2.77405097917235
top200,abs_ALL,rest,1,315,0.03389859095199131,0.03537005993688994,0.0019099692248251375,0.0019079930017376887,0.0019928771097110125,0.001966170068083708,0.0018756738326308634,0.001973327976983545,1976,661,1361,-0.0036936910209642904,-0.0028505280796250984,0.9926237940277264,0.9943075687366034
top200,abs_ALL,rest,5,315,0.07748144283419493,0.08284352961549621,0.004365584738254945,0.00437298409078379,0.004667704102084299,0.004596069965104912,0.004319691922700289,0.005163833515807748,1976,661,1361,-0.01848255287176132,0.09473031689482918,0.9283888492074417,1.2914567019698746
top200,abs_ALL,rest,20,315,0.14426730845165445,0.15226610217625858,0.0081285419704098,0.008080684551106308,0.00857922294034613,0.008602319093986377,0.007867081968539254,0.01132986878167607,1976,661,1361,-0.017515074332443707,0.09029997220434247,0.7327726770795076,2.575471020415983
top100_T1,rel_CB,rest,1,292,0.03811063963414192,0.039075022125155075,0.0022302564915791467,0.002208178648275958,0.0022866927081211666,0.002252666681070473,0.002213863350166518,0.002260905213403981,2346,633,1162,-0.004489213743913296,0.01418858859625834,0.991035756441854,1.0283323475287054
top100_T1,rel_CB,rest,5,292,0.0870680431276698,0.09197465266346153,0.005095271825892323,0.005086814921006237,0.005382409430348592,0.005319013689824624,0.005108311553411459,0.005774098810163322,2346,633,1162,-0.015121106289553155,0.06543725888140726,1.0397859027864618,1.2638243141738563
top100_T1,rel_CB,rest,20,292,0.1651041291371914,0.17175015342093225,0.009661988340517486,0.009611319015123191,0.010050917493748672,0.01007928137953128,0.009684731418894867,0.012678495564888948,2346,633,1162,0.008498704242007838,0.10217925806378177,0.8297130638259204,2.168553041008875
top100_T1,rel_CB,10,1,292,0.04144362605930962,0.03993997617910205,0.002425304768974525,0.0023146975673846186,0.002337310315494115,0.002315210324414438,0.002403181267349746,0.0022964811045322296,1567,633,1162,-0.01829810333477585,0.0005453413056103494,0.9634616072430384,1.0010889595739203
top100_T1,rel_CB,10,5,292,0.09204301952473622,0.09157470648743608,0.005386410298285486,0.005137039815039002,0.005359004350719229,0.00526518939949159,0.005167075210368255,0.005532486521912876,1569,633,1162,-0.007886371607013899,0.07958377774918296,0.940877065123929,1.1750010292888828
top100_T1,rel_CB,10,20,292,0.168214358731179,0.1632192569198619,0.009844000760379317,0.009487586094145324,0.009551684537200305,0.009583060834689522,0.009025549932414197,0.012431650763216428,1566,633,1162,-0.0037050833330915856,0.09106162433468933,0.7774715396449163,2.650286394100373
top100_T1,abs_ALL,rest,1,292,0.036569993281046,0.03755862138381727,0.0021400969832842055,0.0021145167759208648,0.002197952066933547,0.002154381839371916,0.0021307916219357632,0.002163285041855292,2346,661,1361,-0.007528197145210499,0.012528249402666997,0.9849663839157672,1.0250185918479886
top100_T1,abs_ALL,rest,5,292,0.08390240055575678,0.08900731106783469,0.0049100166067775185,0.004899379017671093,0.0052087588981111115,0.005122160589879904,0.004916323825579594,0.005633591934194489,2346,661,1361,-0.015648512033624072,0.07270213090506786,1.038845247745456,1.2971918127911295
top100_T1,abs_ALL,rest,20,292,0.15852192310452107,0.16532171087152245,0.009276793867944971,0.009241025994403797,0.009674721348415,0.00969756561444628,0.008897651313916033,0.012018428189865689,2346,661,1361,-0.0037240240765894876,0.09324509323585636,0.798653432759289,2.2409628112617677
top200_T1,rel_CB,rest,1,292,0.035889061982672596,0.03677982288071182,0.002100248493122519,0.0020895455034690025,0.002152376331814502,0.002135700853138146,0.00207474204996508,0.0021165667992709323,2425,633,1162,-0.02064455975586047,-0.012567954506823997,0.9587761081652328,0.9749038001633088
top200_T1,rel_CB,rest,5,292,0.08259264023075037,0.08719920925320375,0.004833368681282156,0.0048138895836371,0.005102947742795206,0.0050276945493950625,0.005109166435461562,0.005617598298395928,2425,633,1162,0.00689981273231958,0.08356064996195374,1.0331304050067247,1.166298381328633
top200_T1,rel_CB,rest,20,292,0.15823194346094346,0.16425015369998994,0.009259824092871047,0.009184708051598616,0.009612013208093797,0.00959467028975146,0.008995926643706176,0.0119182041019549,2425,633,1162,-0.000835073660708123,0.09286690546259356,0.917038485453949,2.3251538699970533
top200_T1,rel_CB,10,1,292,0.03771378636296901,0.036700853195553246,0.0022070324105158386,0.0021223371350347475,0.002147754980542164,0.002128234631725963,0.002225879037546332,0.002192788275887934,1654,633,1162,0.004097129952697928,0.02456761782595612,1.008181314787062,1.049057612846775
top200_T1,rel_CB,10,5,292,0.08491690995232246,0.08466472431510154,0.00496938627858517,0.004779525574075178,0.004954628230441807,0.004893105492830402,0.004838282578958996,0.005336460109824823,1654,633,1162,-0.021804313768128504,0.07952611206922416,0.9126283970577183,1.1013476503725257
top200_T1,rel_CB,10,20,292,0.1624018593841172,0.15809684031096588,0.00950384996455088,0.009102148964736014,0.009251917779039455,0.0092445164757576,0.009315092509889981,0.011895465765506305,1653,633,1162,0.002275589397351355,0.0974198562393622,0.9277337955013792,2.3847908575592185
top200_T1,abs_ALL,rest,1,292,0.034080275600334414,0.03500024895416924,0.0019943972765117182,0.0019854217667811063,0.002048234644873069,0.002027006082485541,0.0019907309388061427,0.0020340073643622474,2425,661,1361,-0.016451661711945623,-0.012445863244962434,0.9671464546750859,0.9751459311900902
top200_T1,abs_ALL,rest,5,292,0.07943324487260925,0.08424187045856354,0.004648479052700673,0.004622400160187708,0.00492988258020905,0.0048294000644156865,0.004952327770556057,0.005488994592841439,2425,661,1361,0.011018684606262222,0.09360223804586831,1.0620395702667547,1.2164875050416661
top200_T1,abs_ALL,rest,20,292,0.15148302516036213,0.15768912648532582,0.008864873522754549,0.008774306791148798,0.009228058132099138,0.009172864498325923,0.008564340371167647,0.011543519749662619,2425,661,1361,-0.002629942412360057,0.0982059586102196,0.8907208491571202,2.349181379065934
