log_no,post_date,category,claim_id,topic,claim,numbers,para_idx,image_ref,vs_v1,v1_anchor
80086503568,2009-08-22,28,80086503568-1,⑧기타,방법론 주장 없음,,-1,False,none,
80086504409,2009-08-22,28,80086504409-1,⑧기타,"냉철함과 뇌동매매 금지, 확고한 원칙 준수를 투자철학 3원칙으로 제시",,2,False,new,
80086504409,2009-08-22,28,80086504409-2,①후보선정,인기주·테마주 및 고가주 중기매매를 매매 대상 원칙으로 제시,,7,False,new,
80086504409,2009-08-22,28,80086504409-3,①후보선정,바닥권 종목을 거래량 증가 시 매수 준비 대상으로 꾸준히 관찰한다는 원칙,,9,False,new,
80086504409,2009-08-22,28,80086504409-4,④분할매도,과감한 손절매를 원칙으로 하되 잦은 손절은 피해야 한다고 제시,,11,False,new,
80086504409,2009-08-22,28,80086504409-5,③분할매수,분할매수를 매매 원칙 중 하나로 명시,,12,False,new,
80086504409,2009-08-22,28,80086504409-6,④분할매도,분할매도를 매매 원칙 중 하나로 명시,,12,False,new,
80090262097,2009-09-10,28,80090262097-1,①후보선정,상승추세 종목만을 쌍바닥 기법의 매매 대상으로 한정,,16,False,new,
80090262097,2009-09-10,28,80090262097-2,③분할매수,1·2차 바닥 형성 후 20일선 돌파를 매수 시점으로 규정,20일선,19,False,new,
80090262097,2009-09-10,28,80090262097-3,④분할매도,10일선·20일선이 차례로 붕괴되는 순서에 맞춰 분할매도한다고 규정,,20,False,new,
80090507838,2009-09-13,28,80090507838-1,⑥국면대응,하락장 쌍바닥은 반등이 작고 추세전환이 어려우나 상승장 쌍바닥은 재상승 확률이 높다고 구분,,9,False,new,
80090507838,2009-09-13,28,80090507838-2,⑥국면대응,코스피·코스피200 지수와 동행하는 종목을 대세 판단의 기준으로 관찰해야 한다고 제시,,36,False,new,
80090507838,2009-09-13,28,80090507838-3,④분할매도,공시의 진위와 성격을 판단해 20일선 붕괴 시 주저 없이 손절해야 한다고 제시,20일선,43,False,new,
80090507838,2009-09-13,28,80090507838-4,①후보선정,쌍바닥 반등 크기는 매수주체(수급)에 따라 달라진다고 보아 주체 파악을 강조,,51,False,new,
80091505167,2009-09-24,28,80091505167-1,①후보선정,급등재료·충분한 이격·기준선 터치를 기준선 기법의 매매 조건으로 규정,,2,False,new,
80091505167,2009-09-24,28,80091505167-2,③분할매수,"오후 2시 이후 기준선 부근 투매를 정석 매수 타이밍으로, 오전 투매는 변형으로 구분",,10,False,new,
80091505167,2009-09-24,28,80091505167-3,④분할매도,오후장 매수분은 익일 절반 매도 후 나머지는 추세를 보며 매도한다고 규정,,14,False,new,
80092243387,2009-10-04,28,80092243387-1,②앵커,대량거래 터진 장대양봉의 중간값을 박스권 지지대의 기준가로 삼는다,,7,False,new,
80092243387,2009-10-04,28,80092243387-2,⑧기타,종가가 박스권 지지대를 훼손하지 않으면 지지 확률이 높다고 주장,,13,False,new,
80092269847,2009-10-05,28,80092269847-1,①후보선정,"호재성 공시로 급등하지 않고 악재 없이 눌린, 재료가 살아있는 종목만 20일선 번지 대상으로 선정",,7,False,new,
80092269847,2009-10-05,28,80092269847-2,③분할매수,오전 투매 시 일봉 20일선 부근 가격대를 매수 지점으로 규정,20일선,21,False,new,
80092269847,2009-10-05,28,80092269847-3,④분할매도,RSI 과열·다이버전스 시점에 절반 매도하고 나머지는 추세를 보며 매도,,23,False,new,
80092269847,2009-10-05,28,80092269847-4,④분할매도,매수가 대비 2~3% 하락을 손절 라인으로 설정,2~3%,43,False,new,
80092271401,2009-10-05,28,80092271401-1,①후보선정,"눌림봉 길이가 짧고 5일선·기준선 위, 10일선 유지, 호재 존재를 기준선2(눌림목) 조건으로 규정",,12,False,new,
80092271401,2009-10-05,28,80092271401-2,③분할매수,5일선·10일선이 수렴하며 거래량이 줄어드는 지점을 매수 급소로 규정,,17,False,new,
80092271401,2009-10-05,28,80092271401-3,④분할매도,"10% 수익 시 절반 매도, 나머지는 추세를 보며 매도",10%,20,False,new,
80092330017,2009-10-06,28,80092330017-1,①후보선정,상한가 3회 이상 나온 100% 이상 급등 세력주만 급등주KILL 대상으로 규정,100%,7,False,new,
80092330017,2009-10-06,28,80092330017-2,③분할매수,120·240일선 이탈 후 시가가 전일 종가보다 높게 출발하면 시가에 매수,,10,False,new,
80092330017,2009-10-06,28,80092330017-3,④분할매도,10% 수익 도달 시 절반 매도 후 나머지는 추세를 보며 매도,10%,18,False,new,
80092514941,2009-10-08,28,80092514941-1,①후보선정,대장 테마주·급등재료·상한가 이력·이평 정배열·상승 초중반 단계를 5일선 매매 조건으로 제시,,7,False,new,
80092514941,2009-10-08,28,80092514941-2,③분할매수,일봉 5일선 부근에서 투매가 진정되고 지지하는 시점을 매수 급소로 규정,5일선,27,False,new,
80092514941,2009-10-08,28,80092514941-3,④분할매도,"다음날 시세가 나면 절반 매도, 나머지는 추세를 보며 분할매도",,42,False,new,
80093143533,2009-10-17,28,80093143533-1,①후보선정,"전고점 돌파 상한가 후 갭 발생, 음봉이 전일 몸통 50% 이내, 재료 생존을 상감기법 조건으로 규정",50%,11,False,new,
80093143533,2009-10-17,28,80093143533-2,③분할매수,상한가 다음날 오후 2시 이후 3일선·5일선 부근 꼬리를 매수 포인트로 규정,,17,False,new,
80093143533,2009-10-17,28,80093143533-3,④분할매도,"매수 다음날 오전 절반 매도, 나머지는 추세를 보며 매도",,20,False,new,
80093143533,2009-10-17,28,80093143533-4,④분할매도,"5일선 이탈 시 익절, 5일선 미지지 시 평단 대비 -2%에서 손절",-2%,45,False,new,
80093482532,2009-10-22,28,80093482532-1,①후보선정,"테마주 한정, 재료 생존, 엔벨로프가 60·120일선에서 반등, 상한가 2~3회 이상을 조건으로 제시",2~3,16,False,new,
80093482532,2009-10-22,28,80093482532-2,③분할매수,"1차 지지선에서 50%, 2차로 지지선 대비 -10% 하락 시 나머지 50%를 매수하는 2단계 비중 규정",50%;-10%;50%,27,False,new,
80093482532,2009-10-22,28,80093482532-3,④분할매도,"수익률 10~15% 구간에서 절반 매도, 나머지는 다음날 고점에서 매도",10%;15%,31,False,new,
80093482532,2009-10-22,28,80093482532-4,④분할매도,엔벨로프 매매는 손절을 거의 하지 않고 반등이 없을 때만 예외적으로 손절한다고 주장,,33,False,new,
80095152761,2009-11-15,28,80095152761-1,③분할매수,테마 대장주가 오전 9시30분 이전 10일선 부근까지 투매를 보일 때를 정석 매수 조건으로 규정,9시30분,14,False,new,
80095152761,2009-11-15,28,80095152761-2,③분할매수,급등 세력주가 하한가로 갈 경우 호가창 매수세가 확인될 때만 진입하도록 예외 규정,,33,False,new,
80095152761,2009-11-15,28,80095152761-3,④분할매도,"오후장 투매는 확률이 낮다고 보고, 지지대 이탈 시 손절하도록 규정",,49,False,new,
80114567709,2010-09-01,28,80114567709-1,⑥국면대응,"코스피·다우 지수의 상승·하락·횡보 국면에 따라 적용 기법을 달리해야 한다고 주장(하락장=엔벨로프·마지막지지, 횡보장=테마주)",,11,False,new,
80114567709,2010-09-01,28,80114567709-2,①후보선정,최근 급등 대장주·이평선 반등 이력·단기급락 엔벨하단 접근·풍부한 유동성을 종목선정 우선순위로 제시,,55,False,new,
80147336579,2011-12-06,28,80147336579-1,①후보선정,"테마 대장주·2등주·재료주 중 거래대금 100억 이상, 지수 상방을 종가배팅 종목선정 기준으로 제시",100억,5,False,new,
80147336579,2011-12-06,28,80147336579-2,④분할매도,"갭하락 시 20일선 이탈에서 손절, 갭상승 시 5%·9%에서 분할매도",5%;9%,17,False,new,
80149193927,2011-12-29,28,80149193927-1,①후보선정,지속가능한 테마 대장주·강력한 재료주 중 거래대금 50억 이상 종목을 전고돌파 매매 대상으로 규정,50억,21,False,new,
80149193927,2011-12-29,28,80149193927-2,③분할매수,오후 12시30분경 자동매매(스탑주문)로 전고점 돌파 직전 매수를 시도,12:30,8,False,new,
80149193927,2011-12-29,28,80149193927-3,④분할매도,"3~5% 분할매도 및 홀딩을 매도 원칙으로, 매수가 대비 -2% 또는 15분봉 지지 이탈을 손절 기준으로 규정",3%;5%;-2%,11,False,new,
80150236042,2012-01-10,28,80150236042-1,③분할매수,"전고점 부근에서 1차매수, 기준선에서 2차매수하는 헤드앤숄더 원리 기반 눌림매매를 제시",,16,False,new,
80150236042,2012-01-10,28,80150236042-2,②앵커,돌파된 전고점이 지지선으로 전환되는 저항-지지 원리를 매수 근거로 제시,,31,False,new,
80151196903,2012-01-23,28,80151196903-1,③분할매수,갭 4~7% 이상 발생 후 9시20분까지 투매 시 보합권·라운드피겨 가격대에서 분할매수,4%;7%;9:20,13,False,new,
80151196903,2012-01-23,28,80151196903-2,④분할매도,매수 체결 시 3% 이상에서 분할매도로 접근하고 9시20분까지 미체결이면 진입을 포기,3%;9:20,15,False,new,
80152113453,2012-02-03,28,80152113453-1,③분할매수,"상한가 3방 이후 오전 급투매 시 일봉 4~5일선을 매수 포인트로, 장중 투매는 -3% 손절 대응으로 구분",-3%,4,False,new,
80155520593,2012-03-14,28,80155520593-1,①후보선정,직전 고점을 상한가로 돌파한 종목을 PMPS(전고점눌림) 기법의 대상으로 규정,,11,False,new,
80155520593,2012-03-14,28,80155520593-2,④분할매도,PMPS는 손절폭을 -3% 미만으로 짧게 잡고 목표가는 직전고점 부근으로 잡는다,-3%,6,False,new,
80155520593,2012-03-14,28,80155520593-3,②앵커,직전고점이 지지대가 되는 이유를 세력 평균단가로 설명하고 반등은 지지점 0.5~2% 위에서 나온다고 주장,0.5%;2%,55,False,new,
80163066663,2012-06-26,28,80163066663-1,①후보선정,거래대금 100억 이상·재료 지속강도·재무제표·주가위치·대장주 여부를 종목선택 5대 기준으로 제시,100억,20,False,new,
80163066663,2012-06-26,28,80163066663-2,③분할매수,한 종목당 비중을 원금의 33% 이내로 제한해 분할매수 여력을 남겨야 한다고 규정,33%,29,False,new,
80163066663,2012-06-26,28,80163066663-3,⑧기타,매수·매도·손절 지점을 미리 계획한 시나리오대로만 매매해야 한다는 원칙을 제시,,6,False,new,
80164381324,2012-07-14,28,80164381324-1,⑧기타,매매일지·관심종목 캡처를 통계로 축적해 기법별 승률을 분석하고 목표 승률 80%까지 개선하는 공부법을 제시,80%,16,False,new,
80170434844,2012-10-03,28,80170434844-1,①후보선정,재료의 지속가능 여부를 엔벨로프 매매 성패를 가르는 핵심 기준으로 제시,,23,False,agree,§1-①
80170434844,2012-10-03,28,80170434844-2,①후보선정,"20일선과의 이격이 18~22%, 최대 30%대까지 벌어졌다가 되돌아오는 성질을 엔벨로프 매매 근거로 제시",18%;22%;30%,12,False,new,
80170434844,2012-10-03,28,80170434844-3,③분할매수,"대장주가 엔벨로프 하단까지 안 올 때는 전 지지점 1차매수, 엔벨 하단 2차매수로 대응",,68,False,new,
80171552314,2012-10-18,28,80171552314-1,⑥국면대응,테마 강세가 약할 때는 기준선·번지 종목 비중을 줄이고 엔벨로프 하단권 분할매수로 대응해야 한다고 판단,,11,False,new,
80172285192,2012-10-27,28,80172285192-1,⑥국면대응,코스닥 지수가 기준선 위인지 아래인지에 따라 공격적·보수적 매매를 전환한다고 규정,,5,False,new,
80172285192,2012-10-27,28,80172285192-2,⑥국면대응,RSI가 30 이하일 때 우량주·테마 대장주를 분할매수하고 기다리도록 제시,30,28,False,new,
80172285192,2012-10-27,28,80172285192-3,③분할매수,"주봉 엔벨로프(20,40 설정)를 대세 하락장 대응 보조기법으로 제시하고 하단권 -10% 간격으로 분할매수",20;40;-10%,47,False,new,
80175077616,2012-12-03,28,80175077616-1,①후보선정,매수 판단에는 최소 50개 이상의 과거 근거 데이터가 필요하다고 주장,50개,23,False,new,
80175077616,2012-12-03,28,80175077616-2,①후보선정,관심종목의 흐름을 거의 2년간 매일 기록해 매매 시나리오를 축적하는 습관을 실천,2년,29,False,agree,§1-①
80178290807,2013-01-12,28,80178290807-1,①후보선정,질 좋은 상한가가 부족할 때를 대비해 우량주 대상 단기~스윙 대안기법(바단매)을 새로 개발했다고 소개,,1,False,new,
80178290807,2013-01-12,28,80178290807-2,⑦프로그램·상품,신기법 공개와 동시에 초보자용 유료 e-book을 출간해 매매기법과 함께 판매,,3,False,agree,§5
80178984326,2013-01-19,28,80178984326-1,①후보선정,"고점대비 -40%(또는 -30%) 하락 후 하방경직, 20일선 돌파 양봉 출현, 종가 5~10%대·거래량 300~500%를 바단매 조건으로 규정",-40%;-30%;5%;10%;300%;500%,17,False,new,
80178984326,2013-01-19,28,80178984326-2,③분할매수,"시가 -1~-2%에서 1차, 전일양봉 몸통에서 2차, 전일양봉 시가부근에서 3차매수하며 비중은 3:3:3 또는 공격적으로 7:2:1·5:5:0",-1%;-2%;3:3:3;7:2:1;5:5:0,20,False,new,
80178984326,2013-01-19,28,80178984326-3,④분할매도,매수 근거인 시가를 이탈하면 전량 손절이 원칙이라고 규정,,83,False,new,
80178984326,2013-01-19,28,80178984326-4,①후보선정,"재료·수급·차트조건이 모두 맞으면 A급(비중확대), 차트만 맞으면 B급(비중축소)으로 등급을 구분",,40,False,new,
80179369562,2013-01-22,28,80179369562-1,⑥국면대응,급반등이 나오지 않는 장에서는 비중을 줄이고 이격 있게 급락한 종목 위주로 엔벨로프 하단권 분할매수로 대응,,9,False,new,
80181200325,2013-02-09,28,80181200325-1,④분할매도,즉시 전량손절보다 매수가 대비 -12% 부근(10일선)까지 추가매수 후 단계적으로 대응하는 편이 효율적이라고 주장,-12%,61,False,new,
80181200325,2013-02-09,28,80181200325-2,④분할매도,10일선까지 추가매수가 되면 평단가 대비 본절·익절·2%·4% 구간에 분할매도 주문을 걸어둔다,2%;4%,73,False,new,
80181200325,2013-02-09,28,80181200325-3,④분할매도,비중 실린 종목이 매수가 대비 -15% 이상이면 단타 수익의 절반만큼씩 가격 불문하고 나눠서 손절해 유동성을 회복한다,-15%;50만원;25만원,104,False,revision,§1-④
80181949175,2013-02-17,28,80181949175-1,②앵커,상한가 당일 종가 부근의 밑꼬리 가격대를 세력(주포)의 평균단가로 추정해 매수 기준점으로 삼는다,,8,False,new,
80181949175,2013-02-17,28,80181949175-2,④분할매도,전일 고점과 당일 저점의 중간값을 반등 강도 판단 및 분할매도·홀딩 결정의 기준점으로 삼는다,,23,False,agree,§1-④
80187379536,2013-04-05,28,80187379536-1,⑥국면대응,급등주 손절이 잦은 장에서는 우량주·스몰캡 대상 2~4% 단타 매매로 전환해야 한다고 판단,2%;4%,18,False,new,
80187379536,2013-04-05,28,80187379536-2,③분할매수,저점·고점의 중간값과 중간값·저점의 중간값을 그어 분할매수·분할매도 구간을 설정,,31,False,new,
80187379536,2013-04-05,28,80187379536-3,④분할매도,장대양봉 시가이탈 시 전량손절이 원칙이나 악재가 아니면 손절하지 않고 홀딩하거나 소량씩 정리한다고 서술,,52,False,new,
80187445627,2013-04-05,28,80187445627-1,⑧기타,방법론 주장 없음,,-1,False,none,
80189027002,2013-04-29,28,80189027002-1,③분할매수,"30분봉의 폭발적 거래량과 지지·저항을 겹쳐 그은 두 층 중 1번층은 초기매수, 2번층은 눌림매수로 구분",,8,False,new,
80189027002,2013-04-29,28,80189027002-2,④분할매도,눌림매수(2번층) 물량은 양봉 시가 이탈 시(종가 기준) 손절한다고 규정,,22,False,new,
80189440370,2013-05-06,28,80189440370-1,②앵커,호가창에 걸린 대량 매물대를 매물 저항대이자 지지선 추정 근거로 삼는다,,9,False,new,
80189440370,2013-05-06,28,80189440370-2,①후보선정,기관 수급이 6개월 만에 마이너스에서 플러스로 전환하는 골든크로스를 강력한 매수 신호로 제시,6개월,24,False,new,
80194084114,2013-07-16,28,80194084114-1,①후보선정,장대양봉 시가를 지키며 네자리수 이상 기관의 공격적 매수가 들어온 스몰캡을 지속상승 신호로 포착,,10,False,new,
80194084114,2013-07-16,28,80194084114-2,③분할매수,이런 종목의 매수 타점은 5·7·10일선 눌림을 이용하는 것이 좋다고 제시,5;7;10,23,False,new,
80195254814,2013-08-01,28,80195254814-1,①후보선정,정배열 구간의 전고돌파 종목만 우량주 추세눌림 매매 대상으로 제한(역배열 제외),,14,False,new,
80195254814,2013-08-01,28,80195254814-2,③분할매수,"볼린저밴드(12,2) 중심선 또는 예외적으로 10일선을 매수 지점으로 규정",12;2,22,False,new,
80195254814,2013-08-01,28,80195254814-3,④분할매도,3%부터 분할매도를 원칙으로 하고 손절은 매수가 대비 -2%로 규정,3%;-2%,24,False,new,
80195254814,2013-08-01,28,80195254814-4,⑧기타,이 매매법의 성공 확률이 대체로 80% 정도라고 주장,80%,27,False,new,
80203575432,2013-12-15,28,80203575432-1,②앵커,유통주식수 대비 누적 거래량을 추적해 세력의 보유물량과 평균매수단가를 추정하는 방법을 제시,,10,False,new,
80203575432,2013-12-15,28,80203575432-2,①후보선정,거래량 기반 세력 평균단가 추정은 1차시세에만 적용 가능하고 전고돌파 이후 2차시세는 해석이 어렵다고 한정,,77,False,new,
80204117684,2013-12-24,28,80204117684-1,①후보선정,시총 S급 10조원 이상·A급 6조원 전후의 대형주까지도 풀베팅 매매 대상으로 규정,10조원;6조원;5조원;1조;3000억,26,False,conflict,§1-①
80204117684,2013-12-24,28,80204117684-2,③분할매수,"대형주 -50%, 중형주 -60%, 테마주 -66% 등 시총 등급별 하락폭 기준을 정해 분할매수 진입 자리로 삼는다",-50%;-60%;-66%,1,False,new,
80204117684,2013-12-24,28,80204117684-3,④분할매도,"20~30% 수익 시 절반 매도, 20% 이탈 시 전량 매도(최소 10%면 매도)를 스윙 매도 규칙으로 제시",20%;30%;10%,4,False,new,
220000968295,2014-05-16,28,220000968295-1,①후보선정,"신고가·바닥권 전고돌파 장대양봉 6% 이상·거래량 2~3배, 기관외인 수급, 실적증가(턴어라운드)를 종목선정 조건으로 제시",6%;2배;3배,20,False,new,
220000968295,2014-05-16,28,220000968295-2,③분할매수,장대양봉 이후 저점~고점을 박스권으로 설정하고 외인·기관 추정 평균단가를 참고해 하단권에서 분할매수,,28,False,new,
220000968295,2014-05-16,28,220000968295-3,④분할매도,"3~4% 일괄매도 또는 5~7% 분할매도를 기본으로 하고, 손절은 시가이탈 또는 -4%로 규정",3%;4%;5%;7%;-4%,17,False,new,
220018774753,2014-06-03,28,220018774753-1,③분할매수,박스권 하단권을 다시 1/2로 나누어 외인·기관 추정 평균단가와 대조해 세부 매수구간을 설정,1/2,38,False,new,
220018774753,2014-06-03,28,220018774753-2,②앵커,고점이 갱신될 때마다 박스권 저점을 상향 재설정하는 트레일링 방식을 채택,,69,False,new,
220018774753,2014-06-03,28,220018774753-3,④분할매도,매수가 대비 -4% 또는 장대양봉 시가이탈을 손절 기준으로 규정,-4%,27,False,new,
220050297877,20140704,28,220050297877-1,①후보선정,우상향 추세이며 엔벨로프 상단을 터치하고 외국인·기관 수급이 양호한 우량주·중소형주를 단기매매 후보로 삼는다,,30,False,new,
220050297877,20140704,28,220050297877-2,④분할매도,우상향 추세가 깨지는 20일선 이탈 또는 -3~-4%의 손익비 기준으로 손절 라인을 정한다,-3%;-4%,23,False,conflict,§1④ 손절=살라미 분할손절(손실률 -20% 초과 시 단계적 매도)
220069347199,20140723,28,220069347199-1,①후보선정,급등주보다는 수급이 꾸준히 유입되는 중소형 우량주가 평단박스권 매매에 더 적합하다고 본다,,9,False,new,
220069347199,20140723,28,220069347199-2,①후보선정,장대양봉 돌파 이후 거래량 합계가 유통주식수의 30~50%를 넘으면 강력한 수급주체가 매물대를 장악한 신호로 본다,30%;50%,41,False,new,
220119348401,20140912,28,220119348401-1,①후보선정,"하단 추세선 지지에서 매수하고 이탈 시 손절하며, 기관·외국인의 연속 순매수가 확인되는 추세 돌파 종목을 선호한다",,22,False,new,
220133572428,20140926,28,220133572428-1,④분할매도,고점과 최저점의 중간값을 거래량을 동반해 돌파하면 반등의 힘이 강한 것으로 보고 매도를 분할하거나 늦춘다,,14,False,revision,§1④ 저점 대비 반등폭의 HDR 구간에서 분할매도
220133572428,20140926,28,220133572428-2,①후보선정,차트뿐 아니라 기관·외인의 대량매수가 확인되는 종목을 종목선정 조건에 포함한다,,16,False,new,
220142155787,20141006,28,220142155787-1,④분할매도,"매수자리가 주봉 5·10·20주선과 겹치면 목표수익을 10~20%로, 겹치지 않으면 5~10%로 잡고 10% 도달 시 절반매도·20% 미도달 시 잔량매도한다",10%;20%;5%,4,False,conflict,§1④ 저점 대비 반등폭의 HDR 구간에서 분할매도
220142155787,20141006,28,220142155787-2,②앵커,일봉 매수 타점이 주봉 5·10·20·60주선과 겹치는지로 종목 등급(S급·A급)을 나누어 비중을 싣는다,,17,False,new,
220148311016,20141012,28,220148311016-1,①후보선정,바닥권 대비 100% 이상 급등해 정배열을 갖췄다가 악재 없이 하락 후 쌍바닥을 만드는 종목을 공략 대상으로 삼는다,100%,4,False,new,
220148311016,20141012,28,220148311016-2,④분할매도,"쌍바닥 매매는 전저점 +3% 부근 매수, 10% 이상 수익권에서 분할매도, 전저점 이탈 시 손절을 원칙으로 한다",3%;10%,10,False,conflict,§1④ 저점 대비 반등폭의 HDR 구간에서 분할매도
220180752110,20141114,28,220180752110-1,①후보선정,장대양봉+일평균 대비 2배 거래량+20일선 돌파+당일 시장주도주 조건이 겹치면 다음날 매수한다,2배,11,False,new,
220180752110,20141114,28,220180752110-2,③분할매수,"장대양봉 종가 부근에서 1차매수, 캔들 허리 부근에서 2차매수하는 2분할 매수를 쓴다",,19,False,conflict,§1③ 밴드를 5등분해 차수별 비중으로 분할매수
220180752110,20141114,28,220180752110-3,④분할매도,"손절선은 장대양봉 시가이탈 또는 -4%(비중을 크게 실을 땐 짧게, 여유를 두려면 길게) 중 택해 투입금액을 조절한다",-4%,36,False,conflict,§1④ 손절=살라미 분할손절(손실률 -20% 초과 시 단계적 매도)
220205598250,20141210,28,220205598250-1,⑥국면대응,"지수가 기준선을 이탈하면 약세로 보고 보수적 접근을, 기준선을 돌파하면 강세로 보고 공격적 접근을 취한다",,21,False,new,
220205598250,20141210,28,220205598250-2,⑥국면대응,"약세장에서는 바닥권 매집을 지양하고, 지수 RSI 과매도권과 우량주 엔벨로프 하단이 겹치는 자리에서만 접근한다",,49,False,conflict,§1④ 하락장에서는 HDR을 좁히고 그 초입에서 매도
220224211422,20141230,28,220224211422-1,③분할매수,종목선정 이후 박스권을 그려 중하단에서 분할매수하고 고점대에서 분할매도하는 사이클을 반복한다,,8,False,revision,§1③ 밴드를 5등분해 차수별 비중으로 분할매수
220224211422,20141230,28,220224211422-2,④분할매도,"손절선을 (1)장대양봉 시가이탈 (2)매수가 대비 -4% 절반손절 (3)480분선(20일선) 이탈 시 전량손절, 세 기준으로 나눈다",-4%,16,False,conflict,§1④ 손절=살라미 분할손절(손실률 -20% 초과 시 단계적 매도)
220267042987,20150208,28,220267042987-1,①후보선정,매물대(개인 물린 구간)에서는 손절하지 못한 투자자들의 본전심리로 인해 강력한 저항대가 형성된다,,59,False,new,
220342440929,20150427,28,220342440929-1,①후보선정,"대량거래+신고가/전고/추세돌파+수급+모멘텀 4가지를 종목선정 기본조건으로 삼고, 장대양봉의 거래대금이 최소 100억은 되어야 시장의 관심(수급유입)을 받는다고 본다",100억,11,False,revision,§1① 수급 필터: 시가총액·거래대금·거래대금÷시총 비율
220342440929,20150427,28,220342440929-2,①후보선정,완전 신고가 종목이라 하더라도 그것만 보고 무작정 진입해서는 안 된다고 경고한다,,101,False,new,
220451796278,20150815,28,220451796278-1,②앵커,라운드피겨(예: 100만원)를 돌파한 자리를 스윙매매의 기준점(지지라인·손절라인)으로 삼는다,"1,000,000원",34,False,new,
220451796278,20150815,28,220451796278-2,④분할매도,중요 가격대 돌파 후 최소 10% 이상 수익률까지 보유하고 '본절·익절' 없이 '손절 또는 최소수익 홀딩'만 원칙으로 한다,10%,27,False,conflict,§1④ 저점 대비 반등폭의 HDR 구간에서 분할매도
220457920091,20150821,28,220457920091-1,⑥국면대응,"RSI 과매도권 진입 시 고점~저점 피보나치 되돌림상 최소 0.382, 통상 0.5(절반)까지 반등이 나오며 절반폭 도달에 약 한 달이 걸린다고 본다",0.382;0.5,6,False,new,
220550291575,20151125,28,220550291575-1,④분할매도,손절선은 원금 대비 최대손실한계(2~3%)를 정한 뒤 -20% 손절폭을 가정해 투자금액을 역산한다,-20%;2%;3%,40,False,agree,§1④ 손절=살라미 분할손절: 손실률 -20% 초과 시
220550291575,20151125,28,220550291575-2,①후보선정,상하한가 변동폭 확대 이후 급등주는 지지라인 근처에서도 밑꼬리가 -7% 이상 나올 수 있어 손절선을 짧게 잡으면 쉽게 털린다,-7%,26,False,new,
220563934226,20151210,28,220563934226-1,③분할매수,고점대비 상승폭 구간별로 하락폭 데이터(약 455건)를 수집해 동그라미가 가장 중첩된 구간을 매수 기준 하락폭으로 삼는 계산기를 배포한다,455,73,False,revision,"§2 데이터 기반: (상승폭,하락폭,반등폭) 3종 세트 13,503건"
220563934226,20151210,28,220563934226-2,③분할매수,"상승폭 20~30%→중첩 하락폭 10%·17%, 41~50%→16~20%, 81~160%→24% 등 상승폭 구간별 하락폭 표를 제시한다","20~30%->10%,17%;41~50%->16~20%;81~160%->24%",115,False,conflict,"§2 상승폭 → 평균 하락폭 표(20~30%→-16%, 300%+→-41%)"
220563934226,20151210,28,220563934226-3,③분할매수,"하락폭 30%대가 여러 구간에서 자주 재등장해, 1차매수 이후 30%선을 2차매수 지점으로 추가한다",30%,111,False,new,
220563934226,20151210,28,220563934226-4,⑤데이터기반,이 통계는 5~6개월치(약 450여개) 데이터이며 검증하려면 최소 1년 이상의 데이터가 필요하다고 스스로 인정한다,455;5~6개월,114,False,revision,"§2 데이터 기반: 기간 2020~2025(6년), 13,503건"
220583444420,20151231,28,220583444420-1,②앵커,기관 추정 평단가(HTS 조회)를 박스권 하단 매수 기준가로 활용해 집중매수 구간을 정한다,,47,False,new,
220583444420,20151231,28,220583444420-2,③분할매수,"갭하락 시작 시 장대양봉의 3/4, 2/4 지점을 1·2차 매수포인트로 잡는다","10,500원;10,300원",28,False,conflict,§1③ 밴드를 5등분해 차수별 비중으로 분할매수
220583444420,20151231,28,220583444420-3,④분할매도,"매수가 대비 -4% 이탈 시 절반손절, 나머지 절반은 방치하다 본전가 도달 시 정리하거나 다른 종목 수익으로 상쇄한다",-4%,40,False,revision,§1④ 손절=살라미 분할손절 — 본전가 도달 시 잔량 전량 자동매도
220600360783,20160117,28,220600360783-1,①후보선정,"매물대는 최고점~최저점, 최고점~장대양봉 직전 바닥권 두 구간으로 나눠 보고, 장악한 매물대 구간(예:10% 범위)을 분할매수·손절 기준으로 쓴다",10%,57,False,new,
220600526901,20160118,28,220600526901-1,①후보선정,일목균형표(전환선·기준선·후행스팬·선행스팬1·2)가 정배열을 이루는 종목을 매물대와 함께 참고해 상승가능성을 판단한다,,44,False,new,
220683580203,20160414,28,220683580203-1,①후보선정,"외인·기관의 뭉텅이 수급(평소 대비 5~10배, 공격적으로는 20배 이상)+거래량 평균 대비 5배 이상+거래대금 시총 대비 10% 이상(가급적 300억 이상)을 종목선정 1순위 조건으로 삼는다",5배;10배;20배;300억;10%,106,False,revision,§1① 시가총액·거래대금·거래대금÷시총 비율(다날 0.2368배)
220683580203,20160414,28,220683580203-2,①후보선정,"재료가 부정적이어도 뭉텅이 수급이 유입되면 상승하며, 하락 이유를 찾으려 뉴스를 보면 이미 늦다고 본다",,107,False,conflict,§1① 재료(뉴스·촉매)가 1차 필터
220732330415,20160610,28,220732330415-1,③분할매수,박스권 고점·저점이 경신되면 새 고점·저점으로 박스권을 재설정하고 중간~저점 구간에서 반복 매수한다,,30,False,revision,§1③ 밴드는 상승폭에 따라 달라진다
220732330415,20160610,28,220732330415-2,④분할매도,"박스권 저점 이탈 시 -4% 이탈 기준 절반손절, 나머지 절반은 저점대비 반등폭에서 매도(본절 또는 익절)한다",-4%,156,False,revision,§1④ 손절=살라미 분할손절(손실률 -20% 초과 시 단계적 매도)
220732330415,20160610,28,220732330415-3,①후보선정,대차잔고가 급증하거나 공매도가 심한 종목은 종목선정에서 제외한다,,151,False,new,
220850997010,20161101,28,220850997010-1,④분할매도,"손절 기본원칙은 '지지선이 깨지면 매도한다'는 기계적 손절이며, 도박사의 오류(눌림목 매수 후 근거 없이 반등을 기대)를 경계해야 한다",,57,False,agree,§1④ 손절 = 「살라미」 분할손절
220947016537,20170228,28,220947016537-1,②앵커,전일 캔들에 가려진 '숨겨진 단봉'에서 장 후반 종가베팅으로 매수하고 손절선은 그날 저점 이탈로 단순화한다(분할매수 없이 기계적 매도),,55,False,new,
220947016537,20170228,28,220947016537-2,⑤데이터기반,"종가베팅 승률은 약 4:6(40%)이며, 승률보다 손익비(손실은 짧게 수익은 길게)를 중시한다고 밝힌다",4:6,95,False,new,
220959961295,20170316,28,220959961295-1,④분할매도,"저점대비 7% 이상 반등폭에서 반드시 분할매도하고, 매수가 위협 시 본절 대응을 원칙으로 한다",7%,16,False,revision,§1④ 저점 대비 반등폭의 HDR 구간에서 분할매도
220959961295,20170316,28,220959961295-2,⑦프로그램·상품,급등주 투매폭 계산기는 저자 본인이 아니라 독자 '욤욤'이 만들어 무료 배포한 것이라고 밝힌다,,4,False,new,
220959961295,20170316,28,220959961295-3,⑤데이터기반,"단기매매 승률은 보통 4:6~3:7이며, 손실 2%를 6번·수익 7%를 4번 내면 결과적으로 수익이 난다는 손익비 계산을 제시한다",4:6;3:7;2%;7%,55,False,new,
220975389848,20170405,28,220975389848-1,②앵커,저점의 기준은 장대양봉이 나온 날의 전일 종가로 정의한다,,40,False,conflict,§1② 앵커 지정 — 사람이 두 점을 클릭한다(상승 시작점/최고점)
220975389848,20170405,28,220975389848-2,①후보선정,"대장주는 후발주보다 늦고 작게 하락하므로, 후발주가 먼저 적정 투매폭에 오더라도 비중은 적게 싣고 대장주 하락을 기다린다",,47,False,agree,§1① 대장주 우선 — 2등주는 대장주가 5% 빠질 때 10% 빠진다
220975389848,20170405,28,220975389848-3,③분할매수,"상승폭에 따라 적정 투매폭(하락폭) 구간을 정하고(예: 상승폭 95%→투매폭 25~28%, 40%→14~18%) 벗어나면 ~30%까지 확장해서 본다",95%;25~28%;40%;14~18%;30%,55,False,revision,"§2 상승폭 → 평균 하락폭 표(20~30%→-16%, 300%+→-41%)"
220994326328,2017-04-28,28,220994326328-1,①후보선정,장대양봉 발생 시 거래대금이 300억원 이상인 급등주에 투매폭(눌림목) 매매를 적용한다,300억원,4,False,agree,①후보선정 수급 필터(거래대금)
220994326328,2017-04-28,28,220994326328-2,①후보선정,"거래대금 1,000억원 이상 터진 종목을 우선순위로 본다","1,000억원",62,False,agree,①후보선정 수급 필터(거래대금)
220994326328,2017-04-28,28,220994326328-3,④분할매도,매수 후 저점을 이탈하면 반등 여부와 무관하게 전량손절한다,,18,False,agree,④분할매도 손절(저점 이탈 시 손절)
220994326328,2017-04-28,28,220994326328-4,④분할매도,저점대비 반등폭이 최소 7% 이상 나와야 유의미한 반등으로 본다,7%,14,False,conflict,④분할매도 HDR 60% 구간(9.3~26.8%)
220994326328,2017-04-28,28,220994326328-5,①후보선정,유통주식수가 적은 종목은 지지 없이 원점까지 하락할 수 있어 주의해야 한다,,126,False,new,
220994326328,2017-04-28,28,220994326328-6,①후보선정,재료가 노출된 후에도 시세가 죽지 않고 탄력적인 종목을 고른다,,62,False,agree,①후보선정 재료 지속력
220994326328,2017-04-28,28,220994326328-7,⑧기타,매매는 오전장과 오후장 시간대에 한정해서 한다,,161,False,new,
221008193694,2017-05-17,28,221008193694-1,⑧기타,위꼬리·20일선 이탈·박스권 지지대 이탈 지점을 강력한 저항대로 판단한다,,84,True,new,
221008193694,2017-05-17,28,221008193694-2,①후보선정,스윙·단기매매를 하려면 최소 2년치 일봉차트로 지지·저항을 분석해야 한다,2년,37,False,new,
221008193694,2017-05-17,28,221008193694-3,①후보선정,우량주 평단 매매법의 주 대상은 중소형 우량주(스몰캡)이다,,47,False,new,
221008193694,2017-05-17,28,221008193694-4,①후보선정,메이저(외국인·기관) 수급이 유입된 종목은 하락추세여도 저항 돌파 시 매수 구간으로 본다,,85,False,new,
221012556914,2017-05-23,28,221012556914-1,①후보선정,세력주 스윙은 박스권 또는 추세를 처음 돌파한 시점이나 박스권 저점에서 진입한다,,19,False,new,
221012556914,2017-05-23,28,221012556914-2,③분할매수,한 차례 100% 이상 상승한 종목이 눌릴 때는 120일 또는 240일 이동평균선에서 반등이 나온다,120일;240일,48,False,new,
221012556914,2017-05-23,28,221012556914-3,③분할매수,100% 이상 상승한 종목은 대체로 고점 대비 반토막까지 가격조정을 받는다,1/2,145,False,conflict,②③상승폭→하락폭 관계(center=0.1136+0.1743·ln(1+rally))
221012556914,2017-05-23,28,221012556914-4,③분할매수,기간조정이 끝나는 시점은 대체로 거래량이 완전히 급감하는 시기다,,147,False,new,
221012556914,2017-05-23,28,221012556914-5,③분할매수,급등 종목은 통상 최소 한 달 이상의 기간조정을 거친 후 다중바닥을 확인하고 매수한다,1개월,160,False,new,
221012556914,2017-05-23,28,221012556914-6,④분할매도,세력주 스윙에서 손절은 쌍바닥 저점 이탈 시로 정한다,,136,False,agree,④분할매도 손절(저점 이탈 시 손절)
221065470934,2017-08-02,28,221065470934-1,①후보선정,스윙매매는 분기 실적을 확인할 수 있는 3~6개월을 적정 투자기간으로 본다,3개월;6개월,7,False,new,
221065470934,2017-08-02,28,221065470934-2,①후보선정,"핵심 포인트(기대감)가 아직 주가에 반영되지 않았으면 신규매수, 이미 반영되었으면 매수를 보류한다",,41,False,new,
221065470934,2017-08-02,28,221065470934-3,①후보선정,실적 발표는 분기별로 정해진 기한 내에 나오므로 그 1~2달 전을 주목한다,5월15일;8월15일;11월15일;3월30일,149,False,new,
221081530312,2017-08-24,28,221081530312-4,⑧기타,방법론 주장 없음,,-1,False,none,
221140901254,2017-11-15,28,221140901254-5,⑧기타,방법론 주장 없음,,-1,False,none,
221161752679,2017-12-13,28,221161752679-1,①후보선정,실적이 증가·개선 추세인 기업의 주가는 결국 실적에 수렴해 상승한다는 것을 매매 근거로 삼는다,,10,False,new,
221161752679,2017-12-13,28,221161752679-2,①후보선정,확약물량(CB/BW 행사물량)이 해소되지 않은 종목은 실적이 좋아도 상승이 제한된다,,104,False,new,
221161752679,2017-12-13,28,221161752679-3,①후보선정,실적이 좋아도 주가가 즉각 반응하지 않으면 다음 분기 실적 발표까지 대응하며 기다린다,,165,False,new,
221172083069,2017-12-27,28,221172083069-1,①후보선정,디스카운트 요인(적자사업부·장기 박스권 실적 등)이 해소되거나 프리미엄 요인이 있어야 진입한다,,94,False,new,
221172083069,2017-12-27,28,221172083069-2,①후보선정,몇 년간 이어진 박스권 실적도 디스카운트 요인으로 볼 수 있다,,110,False,new,
221172083069,2017-12-27,28,221172083069-3,①후보선정,차트 형태가 비슷해도 재료(뉴스) 시기가 다르면 결과가 상반될 수 있어 차트만으로 판단하면 안 된다,,21,False,new,
221172083069,2017-12-27,28,221172083069-4,③분할매수,차트 분석 기반 매매는 분할매수보다 오로지 '대응'에 중점을 두어야 한다,,23,False,conflict,③분할매수 상승폭→하락폭 밴드 5분할 매수
221556677387,2019-06-07,28,221556677387-1,①후보선정,거래량 실린 단기 고점 → 이동평균선 밀집 → 장대양봉 발생의 3단계 패턴을 급등 전조현상으로 본다,,78,True,new,
221556677387,2019-06-07,28,221556677387-2,①후보선정,완전 역배열보다는 주가가 120일 이평선 위에 있을 때 시세가 나올 확률이 높다,120일,93,False,new,
221556677387,2019-06-07,28,221556677387-3,④분할매도,급등 전조현상 신호가 나온 장대양봉의 시가라인을 손절가로 둔다,,65,False,conflict,④분할매도 손절 - 살라미 분할손절(-20%초과 시)
221559980517,2019-06-12,28,221559980517-1,①후보선정,주봉차트에서 이평선 밀집이 장기이평선(104주·208주선)과 근접할 때 신뢰도가 높다,104주;208주,59,False,new,
221559980517,2019-06-12,28,221559980517-2,①후보선정,일봉과 주봉 양쪽에서 이평선 밀집 신호가 함께 나와야 신뢰도가 높다,,79,False,new,
221559980517,2019-06-12,28,221559980517-3,①후보선정,주봉차트가 박스권으로 진동하는 형태면 이평선 밀집 신호의 신뢰도가 낮다,,83,False,new,
221567352239,2019-06-21,28,221567352239-1,①후보선정,이동평균선 밀집→장대양봉 이론에 근거한 종목검색기를 만들어 후보를 찾는다,,4,False,new,
221567352239,2019-06-21,28,221567352239-2,③분할매수,양봉 이후 눌림목에서 매매하는 것이 보통 낫지만 조정 없이 바로 급등하는 경우도 있다,,9,False,new,
221576059601,2019-07-02,28,221576059601-1,①후보선정,일봉의 이평선 밀집→장대양봉 원리를 5분봉 차트에도 동일하게 적용해 단타 후보를 찾는다,5분봉,16,False,new,
221576059601,2019-07-02,28,221576059601-2,③분할매수,거래량이 많이 발생한 구간의 1/2 값을 의미있는 양봉의 거래량 기준으로 삼는다,1/2,40,False,new,
221576059601,2019-07-02,28,221576059601-3,④분할매도,의미있는 양봉의 시가 또는 저가를 손절 라인으로 둔다,,42,False,conflict,④분할매도 손절 - 살라미 분할손절(-20%초과 시)
221576059601,2019-07-02,28,221576059601-4,①후보선정,평소 거래대금 100억 이상이거나 급등 이력이 있는 테마대장주를 대상으로 한다,100억,83,False,agree,①후보선정 수급 필터(거래대금)
221584766488,2019-07-13,28,221584766488-1,①후보선정,급등 세력주는 Renko차트에서 역 헤드앤숄더 패턴을 그리며 상승한다,,51,True,new,
221584766488,2019-07-13,28,221584766488-2,③분할매수,역 헤드앤숄더의 Neck Line을 안착(돌파)하는 시점이 매수 포인트다,,119,True,new,
221584766488,2019-07-13,28,221584766488-3,④분할매도,손절은 매집봉(대량거래 발생 캔들)의 시가를 훼손할 때로 정한다,,155,False,conflict,④분할매도 손절 - 살라미 분할손절(-20%초과 시)
221584766488,2019-07-13,28,221584766488-4,③분할매수,상승 각도는 추세전환·첫 눌림·마지막 고점 구간에서 총 3차례 정도 바뀐다,3번,68,False,new,
221595142331,2019-07-25,28,221595142331-1,①후보선정,"당일 거래대금 50억 이상, 상승률 7% 이상인 당일 주도주를 단타 대상으로 검색한다",50억;7%,14,False,agree,①후보선정 수급 필터(거래대금)
221595142331,2019-07-25,28,221595142331-2,③분할매수,"틱분봉에서 엔벨로프 하단을 매수, 매수가 대비 1~3%씩 분할매도, 엔벨로프 파란선 이탈을 손절선으로 한다",1~3%,29,False,conflict,④분할매도 HDR 반등폭 기준
221595142331,2019-07-25,28,221595142331-3,⑥국면대응,하락장에서는 스윙·눌림목 매매 대신 당일 강세 주도주 단타로 대응한다,,7,False,new,
221603733166,2019-08-02,28,221603733166-1,①후보선정,최근 5거래일 내 평소보다 많은 거래량으로 특정 저항선(빨간선)을 돌파하면 장대양봉 확률이 높다고 본다,5일,40,False,new,
221603733166,2019-08-02,28,221603733166-2,⑥국면대응,시장이 좋지 않을 때는 비중을 줄이거나 당일 강세 종목의 스켈핑·단타로 대응한다,,3,False,new,
221607968218,2019-08-06,28,221607968218-1,⑥국면대응,코스피 주봉 RSI가 과매수권(80 이상)에서 급락하면 2008년과 유사한 대세하락 국면으로 판단한다,80,7,False,new,
221615716936,2019-08-14,28,221615716936-1,①후보선정,"실적 발표시기(5/15,8/15,11/15)에 영업이익 급증(어닝서프라이즈) 종목을 검색기로 찾는다",5월15일;8월15일;11월15일,34,False,new,
221615716936,2019-08-14,28,221615716936-2,①후보선정,검색된 호실적 종목 중 주가가 바닥권이면서 외국인·기관 수급이 갑자기 유입되는지 확인한다,,52,False,new,
221615716936,2019-08-14,28,221615716936-3,①후보선정,실적발표 직후 주가가 급락하는 경우가 많은 것은 내부자·외국인·기관이 사전 매집 후 발표 시 파는 정보 비대칭 때문으로 본다,,19,False,new,
221624097418,2019-08-21,28,221624097418-1,①후보선정,볼린저밴드 폭이 극도로 좁혀진 뒤 상한선을 돌파하면 상승 방향성이 높아진다고 본다,,16,True,new,
221624097418,2019-08-21,28,221624097418-2,①후보선정,거래량 볼린저밴드를 만들어 가격 볼린저밴드보다 선행 신호로 활용한다,,34,True,new,
221624097418,2019-08-21,28,221624097418-3,①후보선정,가격밴드 하한선 지지 시 거래량밴드가 수축되어 있으면 향후 강한 상승 가능성을 시사한다고 본다,,36,True,new,
221633480108,2019-08-30,28,221633480108-1,①후보선정,'주가급락→짧은 횡보→20일선 위 급등'의 패턴을 '바닥돌파'로 정의해 매매 신호로 쓴다,20일선,3,True,new,
221633480108,2019-08-30,28,221633480108-2,①후보선정,RSI·CCI·투자심리선이 기준치 이하 바닥 신호를 보이고 짧게 기간조정한 뒤 특정 이평선을 돌파하면 반등이 확실해진다고 본다,,17,False,new,
221644921127,2019-09-10,28,221644921127-1,①후보선정,거래량 실린 윗꼬리가 최소 3개 이상 겹치는 가격대를 지지·저항점으로 판단한다,3개,34,True,new,
221644921127,2019-09-10,28,221644921127-2,③분할매수,겹쳐진 윗꼬리 지지선이 깨지면 다음 겹침 구간까지를 매수 구간으로 활용한다,,41,False,new,
221661437672,2019-09-27,28,221661437672-1,⑧기타,고점(High Mark) 부근에서 캔들이 작고 아래꼬리가 달리며 5~10일 이동평균선을 탈 때 상승 전환 가능성이 높다는 캔들패턴 매수 시그널을 제시,5~10일,82,False,new,
221661437672,2019-09-27,28,221661437672-2,⑧기타,고점 재돌파 시 직전보다 거래량이 적으면 매물이 소진된 것으로 해석해 상승 신뢰도를 높게 판단한다는 거래량 해석법,,45,False,new,
221661437672,2019-09-27,28,221661437672-3,①후보선정,대량거래량을 동반한 바닥권 장대양봉 이후 뉴스(재료)의 지속 여부로 추가 상승 가능성을 가른다는 재료 기반 후보 선별 논리,,21,False,agree,§1 후보선정 — 재료(뉴스·촉매)가 1차 필터
221680824530,2019-10-17,28,221680824530-1,⑧기타,쌍바닥(두번째 바닥) 형성 시 장대양봉 또는 긴 아래꼬리 양봉이 나오면 상승추세 전환 신뢰도가 높다는 캔들패턴 규칙,,22,False,new,
221680824530,2019-10-17,28,221680824530-2,⑧기타,쌍바닥 형성 기간이 길고 연중 신저가일수록 반등 신뢰도가 높다는 판단 기준,,110,False,new,
221680824530,2019-10-17,28,221680824530-3,④분할매도,저항선을 못 뚫고 쌍바닥 저점을 훼손시키면 손절매도를 고려해야 한다는 대응 규칙,,29,False,new,
221685539270,2019-10-22,28,221685539270-1,⑧기타,"직전 대량거래량의 1/2 이상 거래량 발생과 전고점 갭 돌파 첫 양봉, 두 조건이 맞으면 단기 트레이딩 진입이 가능하다는 시그널",1/2,12,False,new,
221685539270,2019-10-22,28,221685539270-2,④분할매도,3분·5분봉 중간값(이등분선)을 심하게 이탈하면 손절로 대응한다는 원칙,,15,False,new,
221688859877,2019-10-26,28,221688859877-1,⑧기타,쌍바닥에서 첫번째·두번째 바닥 캔들의 성격이 반대로 뒤집히는 '캔들 역전' 현상이 급등 또는 급락의 전조가 된다는 패턴 이론,,10,False,new,
221688859877,2019-10-26,28,221688859877-2,⑧기타,"하락추세선 붕괴, 이동평균선 수렴 후 붕괴, 캔들 역전 3조건이 겹치면 단기 급등 시세가 나온다는 결합 시그널",,76,False,new,
221698479223,2019-11-05,28,221698479223-1,①후보선정,매물소화봉·쌍바닥·이동평균선 밀집 3요건이 갖춰진 종목이 오전 시초가 상승파동 공략에 적합하다는 종목선정 기준,,53,False,new,
221698479223,2019-11-05,28,221698479223-2,④분할매도,매수가 대비 -3% 손실률이 찍히면 일괄 로스컷한다는 손절 원칙,-3%,34,False,new,
221732668559,2019-12-10,28,221732668559-1,⑧기타,오후 3시 이후 볼린저밴드 돌파와 장기이평선 수렴을 확인한 종목에 종가 매수해 익일 갭 상승을 노리는 종가베팅 기법,3시,17,False,new,
221732668559,2019-12-10,28,221732668559-2,④분할매도,종가베팅 후 장기이평선 이탈 등 흐름이 나쁘면 즉각 대응(매도)해야 한다는 리스크관리 원칙,,19,False,new,
221733699434,2019-12-11,28,221733699434-1,①후보선정,검색기에 포착된 종목 전부가 아니라 캔들 몸통이 짧은 단봉이면서 이평선이 밀집된 종목만 골라 종가베팅한다는 필터링 기준,,16,False,new,
221733699434,2019-12-11,28,221733699434-2,④분할매도,종가베팅 다음날 오전 10시까지 상승이 미미하면 즉시 손절하고 다른 종목을 본다는 시간 기반 청산 규칙,10시,53,False,new,
221733699434,2019-12-11,28,221733699434-3,⑧기타,한 종목에 집중하기보다 여러 종목에 분산해서 종가베팅하는 것이 유리하다는 분산 원칙,,88,False,new,
221779428063,2020-01-20,28,221779428063-1,⑧기타,거래량 볼린저밴드 상한선을 최초로 돌파하는 시점을 장중 단타 매수 타이밍으로 삼는다는 규칙,,92,False,new,
221779428063,2020-01-20,28,221779428063-2,④분할매도,매수 후 보유시간을 짧게 가져가고 완만한 조정 국면은 보유하지 않는다는 단타 원칙,,36,False,new,
221796218340,2020-02-04,28,221796218340-1,①후보선정,최근 신고가·전고점·박스권 돌파 중 하나이면서 거래대금이 최소 100억 이상인 종목을 오후장 단타 대상으로 삼는다는 종목선정 기준,100억,15,False,agree,§1 후보선정 — 거래대금 필터
221796218340,2020-02-04,28,221796218340-2,⑧기타,분봉에서 여러 기간의 볼린저밴드가 한 지점에 밀집한 뒤 상한선을 동시 돌파하면 단기 상승이 나온다는 다중볼밴 매수 시그널,,33,False,new,
221826061072,2020-02-26,28,221826061072-1,⑧기타,매집 흔적(외봉 상승)이 있는 종목에서 다중볼밴 상단 첫 돌파 시 거래량이 직전보다 줄면 단기 2~3% 이상 상승 확률이 높다는 시그널,2-3%,14,False,new,
221826061072,2020-02-26,28,221826061072-2,④분할매도,다중볼밴 매수 후 손절 기준은 중심선(보라색선) 붕괴 시점으로 정한다는 규칙,,10,False,new,
221924309181,2020-04-23,28,221924309181-1,①후보선정,장 초반 거래대금이 크게 터진 종목은 장중 내내 당일 고가·저가 중간값(이등분선)을 잘 이탈하지 않는다는 거래대금-지지력 상관 주장,,9,False,agree,§1 후보선정 — 거래대금 필터
221924309181,2020-04-23,28,221924309181-2,⑧기타,이등분선(당일 고가-저가 중간값)을 지지하면 오후장에 2차 상승이 나오는 경향이 있다는 매매 규칙,,16,False,new,
221963397852,2020-05-15,28,221963397852-1,⑧기타,"우량주를 제외한 대다수 종목은 오전 급상승 후 10~12시 하락, 마감 전 소폭 상승하는 정형화된 주가방향(Price direction)을 보인다는 시간대별 패턴 주장",10시;12시,14,False,new,
221963397852,2020-05-15,28,221963397852-2,①후보선정,시장 주도주이면서 거래대금 상위인 종목이 신고가·전고점을 돌파할 때 이등분선을 지지하며 움직이는 경향이 강하다는 종목선정 기준,,36,False,agree,§1 후보선정 — 대장주 우선·거래대금
221963397852,2020-05-15,28,221963397852-3,⑧기타,전고점 돌파 시 거래량이 직전보다 급감하면 매도 총량이 적다는 뜻으로 해석해 매수 근거로 삼는다는 거래량 해석법,,82,False,new,
222023221183,2020-07-07,28,222023221183-1,④분할매도,오전 최소 2~3% 수익률을 목표로 짧게 보유하는 단타 원칙을 제시,2~3%,7,False,new,
222023221183,2020-07-07,28,222023221183-2,⑧기타,상승 초입에 대량거래가 몰리고 캔들 변동이 크지 않은 패턴이면 급락(피뢰침봉)을 피할 수 있다는 거래량-캔들 조합 시그널,,28,False,new,
222060025092,2020-08-14,28,222060025092-1,⑥국면대응,RSI가 높은 수준에서 급락한 뒤 반등할 때가 낮은 수준에서 급락한 경우보다 반등폭이 더 크다는 국면 판단 원리를 제시,,18,False,new,
222060025092,2020-08-14,28,222060025092-2,⑥국면대응,지지선(중장기 이동평균선·전고점)이 돌파되거나 붕괴되는 시점에 주가 가속도가 붙는다는 원리로 진입 타이밍을 잡는다는 주장,,51,False,new,
222082082715,2020-09-06,28,222082082715-1,④분할매도,장 시작 전 기준가 대비 -2.70% 하락 시 전량 자동 손절되는 스탑로스를 설정해 급락 리스크를 원천 차단한다는 규칙,2.70%;100%,11,False,new,
222082082715,2020-09-06,28,222082082715-2,①후보선정,최근 10일 내 고점을 돌파하고 장초반 거래대금이 최소 50억 이상인 종목을 9시4분~15분 사이 이등분선 부근에서 공략한다는 종목·시간 기준,50억;9시4분;15분,39,False,agree,§1 후보선정 — 거래대금 필터
222171294364,2020-12-12,28,222171294364-1,④분할매도,"갑작스러운 갭 상승·급등 직후, 상한가 다음날 시초가 등 대량 차익실현이 몰리는 자리는 매매를 자제해야 급락(투매)을 피할 수 있다는 리스크 회피 규칙",,18,False,new,
222171294364,2020-12-12,28,222171294364-2,④분할매도,이동평균선·추세선·전고점 지지선이 붕괴되는 모습이 보이면 반드시 손절하거나 자동 로스컷을 사용해야 한다는 손절 규칙,,94,False,new,
222178710704,2020-12-19,28,222178710704-1,⑧기타,주도주 눌림목의 반등 성공 여부는 직전 고점 형성 당시 매도거래량 누계가 매수거래량 누계보다 적었는지로 미리 가늠할 수 있다는 거래량 해석법,,41,False,new,
222343886333,2021-05-09,28,222343886333-1,④분할매도,눌림목 매매에서는 승률보다 손익비가 중요하며 분할매수(물타기)로 버티기보다 저점 이탈 시 3% 이내에서 즉각 손절해야 한다는 원칙,3%,27,False,new,
222343886333,2021-05-09,28,222343886333-2,③분할매수,저점 이탈 시 분할매수(물타기)로 대응하는 전략은 반등 없는 종목을 만나면 큰 손실로 이어지므로 최대한 자제해야 한다는 경고,,37,False,conflict,§3 분할매수 — 상승폭→하락폭 밴드 구간 전체에 나눠 매수
222343886333,2021-05-09,28,222343886333-3,①후보선정,9시 30분 이후에는 대부분 종목의 시세가 이미 다 나오므로 지지를 확인한 뒤 진입할 종목을 신중히 골라야 한다는 원칙,,96,False,agree,§1 후보선정 — 종목 자체의 질을 우선 거른다
222383148236,2021-06-03,28,222383148236-1,⑦프로그램·상품,신간 『태쏘의 주식 실전단타 트레이딩 전략서』 출간을 알리며 이등분선 매매법·다중볼밴·눌림목 캔들패턴·손절 대응법·계좌관리를 다룬다고 소개,600page,8,False,new,
222383148236,2021-06-03,28,222383148236-2,④분할매도,실전 매매 사례에서 2% 권 아래에서 전부 매도 처리하는 짧은 손절 기준을 적용했다고 서술,2%,16,False,new,
222387193930,2021-06-06,28,222387193930-1,③분할매수,분할매수는 확신을 갖고 매수하는 것이라 성공하면 좋지만 확신이 틀리면 더 큰 리스크를 감내해야 하는 양날의 검이라는 주장,,3,False,conflict,§3 분할매수 — 상승폭→하락폭 밴드 구간 전체에 나눠 매수
222387193930,2021-06-06,28,222387193930-2,⑧기타,분봉에 이등분선(당일 변동폭 중간값)을 적용해 지지력을 확인한 뒤 매수하면 눌림목 매수 위치의 안전성을 크게 높일 수 있다는 도구 사용법,,21,False,new,
222387193930,2021-06-06,28,222387193930-3,④분할매도,지지 확인 후 매수했더라도 지지 캔들의 저가와 이등분선을 함께 이탈하면 즉시 손절한다는 규칙,,26,False,new,
222401579265,2021-06-17,28,222401579265-1,⑧기타,승률을 높이려면 아무 자리에서나 매매하지 않고 자신이 확신하는 특정 패턴이 나올 때까지 기다렸다가 집중 공략(일발필중)해야 한다는 원칙,,5,False,new,
222401579265,2021-06-17,28,222401579265-2,④분할매도,손절가를 이탈하지 않는 한 매수 후 보유하되 원칙상 2~3% 수준에서 욕심 없이 매도한다는 익절 규칙,2-3%,91,False,new,
222423847739,2021-07-07,28,222423847739-1,①후보선정,"시가 10% 이상 갭상승, 거래량 급증 동반 10% 이상 급락, 빠르게 20% 이상 급등한 종목 3가지 유형은 당일 단타 대상에서 배제해야 한다는 종목 제외 기준",10%;10%;20%,142,False,new,
222423847739,2021-07-07,28,222423847739-2,⑤데이터기반,매매기법을 채택하기 전 최소 3달치 성과를 승률·손익비로 직접 검증해야 한다는 데이터 기반 검증 원칙,3달,11,False,agree,§2 데이터 기반 — 전량 수작업으로 수년간 성과를 축적해 검증
222434299282,2021-07-17,28,222434299282-1,⑧기타,전고점 돌파 당시 거래량이 직전 고점 거래량의 절반 이하이면 매물 부담이 없어 상승이 쉽게 이어진다는 거래량 해석 규칙,1/2,78,False,new,
222434299282,2021-07-17,28,222434299282-2,⑤데이터기반,전고점 돌파 거래량 해석은 단타 분봉뿐 아니라 스윙·중장기 주봉의 매수 타이밍 판단에도 동일하게 적용된다는 일반화 주장,,51,False,new,
222445483870,2021-07-25,28,222445483870-1,①후보선정,전일 캔들 몸통이 4% 미만인 단봉 종목이 당일 20% 이상 상승 시도 확률이 높다(전일 매수자의 차익실현 매도물량이 적기 때문),4%,71,False,new,
222445483870,2021-07-25,28,222445483870-2,①후보선정,거래대금 100억 이상 + 전일단봉을 조건으로 하는 구체적 검색식을 당일 단타 후보 필터로 제시,100억,60,False,new,
222464538835,2021-08-10,28,222464538835-1,⑧기타,박스권 저점을 얕게 이탈했다 회복하는 차트는 거래량 볼밴 상단 돌파가 없으면 반등 실패 확률이 높다,,48,True,new,
222464538835,2021-08-10,28,222464538835-2,⑧기타,박스권을 만들지 않고 빠르게 하락한 매물공백 구간에서 반등한 종목이 박스권 형성 후 반등한 종목보다 성공률이 높다,,76,True,new,
222585374601,2021-12-03,28,222585374601-1,⑧기타,분봉 흐름이 비슷해도 일봉상 매물(과거 저항)이 없는 신고가 자리에 진입한 종목이 매물에 막힌 종목보다 반등 성공률이 높다,,56,False,new,
222585374601,2021-12-03,28,222585374601-2,①후보선정,진입 종목은 최소 3% 이상 상승 자리가 쉽게 나오는지를 기준으로 선별해야 한다는 원칙 제시,3%,76,False,new,
222593496152,2021-12-12,28,222593496152-1,⑧기타,거래량 볼린저밴드의 수축→확장 전환 구간(맥점)이 눌림목 진위를 판별하는 보조 지표가 될 수 있으나 100% 신뢰할 수는 없다,,44,True,new,
222593496152,2021-12-12,28,222593496152-2,⑧기타,단일 분봉 주기가 아닌 여러 분봉(1·3·5분봉 등)을 함께 봐야 맥점 판단 오류를 줄일 수 있다,,97,False,new,
222617045725,2022-01-09,28,222617045725-1,⑧기타,스윙 매매 시 일봉 대신 60분·90분봉에서 거래량 볼밴 수축+이평선(10·20일선) 지지+중심선 돌파·안착을 확인 후 진입하는 것을 기본 차트셋팅으로 제시,10일선;20일선,62,True,new,
222617045725,2022-01-09,28,222617045725-2,④분할매도,스윙 진입 후 손절 기준은 직전 저점(변곡점) 이탈 시로 규정,,67,False,agree,§1④ 저점 이탈 시 손절(변동성 장세 보조규칙)
222654028203,2022-02-21,28,222654028203-1,⑧기타,전고점 돌파 후 눌림목 지지 성공 사례보다 실패 사례가 실전에서 압도적으로 많다는 관찰 제시,,50,False,new,
222654028203,2022-02-21,28,222654028203-2,⑧기타,상승추세가 살아있는(20일선 위) 눌림목만 유효하며 추세가 꺾인 뒤(20일선 아래)의 눌림목은 실패 확률이 높다,20일선,88,False,new,
222677150894,2022-03-19,28,222677150894-1,⑧기타,일봉 저항선을 분봉상 돌파할 때 돌파→지지실패→재상승→장악(양봉으로 저항선 덮음) 순서를 확인한 후 진입해야 승률이 높다,,44,True,new,
222677150894,2022-03-19,28,222677150894-2,⑧기타,저항선 돌파 시 장악 캔들과 함께 의미있는 거래량 증가가 동반되어야 진짜 돌파로 해석할 수 있다,,191,False,new,
222731607199,2022-05-13,28,222731607199-1,①후보선정,당일 단타 종목선정은 직전고점(윗꼬리)을 돌파한 종목만 관심종목으로 선별하며 이런 종목은 하루 최소 1~2개는 나온다,1~2개,66,False,new,
222731607199,2022-05-13,28,222731607199-2,①후보선정,당일 단타 종목선정에서는 재료·수급 등 직관적 판단을 배제하고 순수 주가움직임(전고점 돌파)만으로 기계적 선정을 해야 한다는 원칙 제시,,34,False,agree,§1① 재료 기반은 스윙 한정(2024단타 4/42=9.5%)
222761973645,2022-06-06,28,222761973645-1,⑧기타,1차 상승·조정 이후 나오는 2차 상승(엘리어트 3파)이 1차 상승보다 폭이 크고 빠르다는 경험칙 제시,1.618배;2.618배,5,False,new,
222761973645,2022-06-06,28,222761973645-2,⑧기타,2차 상승 진입 기준을 삼각 240주선 지지+20주선 회복+거래량 볼밴 수축확장으로 규정하고 이를 검색식으로 자동 포착,240주선;20주선,61,False,new,
222803745761,2022-07-07,28,222803745761-1,①후보선정,거래대금이 많이 동반된 주도주·테마 대장주 여부를 매매 성공률을 높이는 첫째 조건으로 제시,,4,False,agree,§1① 대장주 우선 + 수급 필터(거래대금)
222803745761,2022-07-07,28,222803745761-2,⑧기타,"매물대를 돌파한 종목, 특히 매물공백구간(빠른 하락으로 거래가 적었던 구간)을 돌파하는 종목이 더 빠르고 크게 상승한다는 '파죽지세' 원리 제시",15%;20%,98,False,new,
222836841375,2022-08-01,28,222836841375-1,⑧기타,거래량이 급증 없이 점증-소강-재점증하는 패턴(상승국면)이 급등 후 급락하는 Bearish Blow-off top 패턴보다 매매하기 유리하다,,27,True,new,
222836841375,2022-08-01,28,222836841375-2,⑧기타,거래량 5일선이 20일선과 밀집·골든크로스하며 거래량이 20일선을 장악하는 지점에서 주가 변곡(방향 결정)이 일어난다는 보조지표 규칙 제시,5일선;20일선,84,False,new,
223286152170,2023-12-07,28,223286152170-1,⑧기타,매도세가 없는 구간(전고점 돌파·신고가 이후 저항 부재)에서 이등분선 지지를 받고 상승하면 다른 구간보다 훨씬 빠르고 크게 상승한다,,3,False,new,
223286152170,2023-12-07,28,223286152170-2,②앵커,일봉차트에 이등분선 외에 피보나치 조정폭(0.382/0.5/0.618)을 적용한 눌림목 매수구간을 스윙 진입 기준으로 사용,0.382;0.5;0.618,44,False,revision,§1③ 상승폭별 하락폭 통계밴드(Q1~Q3/HDR)로 매수구간 산출
223291800597,2023-12-13,28,223291800597-1,⑧기타,거래량 볼밴 밀집 + 이평선(5~20일선) 밀집 + 기준고점(과거 최고점) 밀집의 '3밀'이 동시 충족될 때 스윙 진입 시 단기 큰 폭 상승 가능성이 높다는 자체 방법론 제시,3가지,25,True,new,
223291800597,2023-12-13,28,223291800597-2,④분할매도,손절 후에도 손익비를 크게 유지하기 위해 성공 시 수익은 되도록 길게 보유해 손절 손실을 커버하는 방식이라고 서술,,82,False,new,
223301038709,2023-12-23,28,223301038709-1,⑤데이터기반,"스윙 실계좌 기준 평시 손익비 3 이상·승률 35% 이상, 부진장에는 손익비 2.5·승률 30% 유지를 목표로 한다고 실계좌 통계를 공개",4.9;2.5;30%;3;35%,43,False,new,
223301038709,2023-12-23,28,223301038709-2,④분할매도,차트패턴 실패 시 반드시 손절하며 물타기하지 않는다는 원칙 제시,,23,False,agree,§3 손절없음(7차가정) → 실제는 −20%살라미 분할손절
223301038709,2023-12-23,28,223301038709-3,①후보선정,'신규주 원형 고점 재돌파 패턴'(상장 후 급락→원형바닥→상장후 고점 터치→20주선 위 조정→고점 재돌파 시 급등)을 신규상장주 후보 선별 기준으로 제시,20주선,99,True,new,
223423766189,2024-04-22,28,223423766189-1,⑤데이터기반,5년 이상 박스권(고점-저점 폭 35% 이하가 이상적) 돌파 시 상승폭은 박스권 폭의 1~5배까지 투사 가능하다는 경험적 계산법 제시,35%;1배;2배;3배;5배,17,False,new,
223423766189,2024-04-22,28,223423766189-2,⑧기타,고점-저점 폭이 100% 이상인 큰 쌍봉에서 전고점 부근을 버티는 '지속패턴'이 나타나면 신고가 대시세로 이어지며 상승폭은 최소 폭의 1배 이상이라는 패턴 제시,100%;1배,70,True,new,
223425822263,2024-04-24,28,223425822263-1,②앵커,신고가 부근 대량거래 음봉(들) 발생 후 그 음봉 몸통·고가를 재상회하는 시점을 매수신호로 삼는 '음봉 겁주기' 패턴 정의,,55,False,new,
223425822263,2024-04-24,28,223425822263-2,②앵커,"매집이 잘된 종목은 눌림목 조정폭이 20% 내외로 얕고, 거래량 감소 후 첫 증가+단기이평선 밀집 시점을 매수 타이밍으로 삼는 '언덕형' 패턴 정의",20%,103,False,new,
223425822263,2024-04-24,28,223425822263-3,②앵커,헤드앤숄더 우측 어깨 저점 지지 후 고점을 장악하는 시점을 매수 타이밍으로 삼는 '어깨 돌파형' 패턴 정의,,161,False,new,
223425822263,2024-04-24,28,223425822263-4,④분할매도,어깨 돌파형 실패 시 지지구간 또는 돌파봉의 시가·저가 이탈 시점을 손절 기준으로 제시,,161,False,conflict,④분할매도 손절 -20% 살라미
223429310790,2024-04-28,28,223429310790-1,①후보선정,"신고가 후 고점대비 -50% 등 큰 폭 반납은 실패, 최소 30% 이상 상승세 유지는 성공으로 판정하는 기준 제시",-50%;30%,11,False,new,
223429310790,2024-04-28,28,223429310790-2,①후보선정,재료·모멘텀 정보를 찾는 구체 정보원(매일경제 증시기상도·HTS 증시요약·인포스탁·더벨·지수기여도 화면) 제시,,32,False,agree,①후보선정 재료 1차 필터
223429310790,2024-04-28,28,223429310790-3,①후보선정,경쟁사 대비 상승폭 크고 하락폭 낮은 종목을 주도주(대장주)로 판별해 우선 매수,,106,False,agree,①후보선정 대장주 우선
223429310790,2024-04-28,28,223429310790-4,①후보선정,업황이 호황(모멘텀 지속)인지 여부 체크가 신고가 성공 판단의 핵심이라는 원칙,,197,False,agree,①후보선정 재료 지속력
223431378551,2024-04-30,28,223431378551-1,①후보선정,1등 신고가(대장주) 판별법 = 경쟁사 대비 상승폭 크고 하락폭 적은 종목 + 전고점 먼저 장악,,21,False,agree,①후보선정 대장주 우선
223431378551,2024-04-30,28,223431378551-2,①후보선정,대장주 순위는 스퍼트(상승) 구간마다 바뀔 수 있어 매 구간마다 경쟁사 재비교가 필요하다는 원칙,,47,False,new,
223431378551,2024-04-30,28,223431378551-3,④분할매도,"진입은 패턴완성 구간(이평선 부근)에서, 손절은 이평선·추세선 이탈 또는 돌파봉 시가 이탈 시로 규정",,128,False,conflict,④분할매도 손절 -20% 살라미
223431378551,2024-04-30,28,223431378551-4,①후보선정,모멘텀·재료의 우열은 정량 비교가 어려워 결국 상대 주가 흐름이 최종 판단 근거가 된다는 주장,,58,False,new,
223447539555,2024-05-15,28,223447539555-1,②앵커,신고가 지속패턴을 총 15가지로 분류하고 패턴별로 개별 매수·매도 계획을 세운다는 체계 제시,15,7,False,new,
223447539555,2024-05-15,28,223447539555-2,③분할매수,종목당 투자자금은 최소 1/5 이상으로 분산하고 진입시점도 패턴에 따라 3~5회로 나눠 매수,1/5;3~5회,30,False,agree,③분할매수 5등분 매수구간
223447539555,2024-05-15,28,223447539555-3,④분할매도,돌파 후 상승분을 반납해 돌파가격까지 되돌리면 패턴 실패로 간주하고 즉시 매도한다는 손절 규칙,,103,False,conflict,④분할매도 손절 -20% 살라미
223447539555,2024-05-15,28,223447539555-4,⑦프로그램·상품,신고가 패턴 15종을 정리한 '신고가 패턴북'을 강의 신청자 한정판(100권)으로 배포한다는 홍보,100,217,False,none,
223486055728,2024-06-20,28,223486055728-1,②앵커,"전고점 첫 돌파는 평균 -20%(최대 -50%)까지 급락할 수 있고, 이를 '정점효과'·'종결효과' 행동경제학 개념으로 설명",-20%;-50%,38,False,new,
223486055728,2024-06-20,28,223486055728-2,②앵커,주봉 볼린저밴드 확장/수축 상태로 진짜 돌파와 가짜 돌파를 구분해 진입 타점을 정한다는 필터 규칙,,55,False,new,
223486055728,2024-06-20,28,223486055728-3,④분할매도,"가짜 돌파가 예상되면 상단선 터치 시 이익실현하고, 눌림목 재매수 후 재돌파 시점에 재진입한다는 대응 전략",,109,False,new,
223510945732,2024-07-13,28,223510945732-1,②앵커,주봉·분봉상 양봉캔들 비율이 압도적으로 높은 '밀집화' 현상을 상승 신뢰도·폭발력 판별 신호로 사용,,23,False,new,
223510945732,2024-07-13,28,223510945732-2,④분할매도,"눌림목에서 거래량 증가 시 매수하고, 돌파 시가나 장중 이등분선을 심하게 이탈하면 손절한다는 규칙",,54,False,conflict,④분할매도 손절 -20% 살라미
223525152000,2024-07-25,28,223525152000-1,①후보선정,"주도주 4대 특징(상승폭 크고 조정폭·기간 짧음, 패턴 성공률 높음, 거래대금·거래량 활발, 조정시 하락폭 작음) 제시",,29,False,agree,①후보선정 대장주 우선
223525152000,2024-07-25,28,223525152000-2,②앵커,패턴 돌파 시 거래량이 감소 후 증가하며 특정 구간에 몰리는 '연속성'을 매수 타이밍 신호로 활용,,41,False,new,
223525152000,2024-07-25,28,223525152000-3,②앵커,"자체 개발한 '연료선'(거래량 가중평균가) 지표를 이용해 돌파+거래량 시 매수, 이탈+거래량 시 매도 판단",,158,False,new,
223525152000,2024-07-25,28,223525152000-4,⑤데이터기반,"책 소개문에서 '1000여개의 통계 데이터를 이용한 급등주 눌림목 매매법'이라는, 훨씬 이른 시점의 작은 데이터 규모를 언급",1000여개,191,False,revision,"2.데이터 기반 — 13,503건(2026-07)"
223525152000,2024-07-25,28,223525152000-5,⑦프로그램·상품,트레이딩 전략서·주식투자 바이블·데이트레이딩 바이블2 등 책 3종을 소개하는 홍보,,177,False,none,
223821654565,2025-04-04,28,223821654565-1,⑧기타,방법론 주장 없음,,-1,False,none,
223830014720,2025-04-11,28,223830014720-1,①후보선정,"박스권을 형성하려면 재료가 파급력·지속력을 갖춰야 하고, 단발성 뉴스는 급등락 후 소멸해 박스권을 못 만든다는 원칙",,25,False,agree,①후보선정 재료 지속력
223830014720,2025-04-11,28,223830014720-2,②앵커,"'박스권 설정법' — 상승 후 눌림목 구간의 하단부를 박스권 하단으로 설정하고, 상황에 따라 하단을 상향 조정하는 기법",,41,False,new,
223830014720,2025-04-11,28,223830014720-3,④분할매도,"박스권 하단에서 지지를 확인한 뒤 매수하고, 박스권 하단을 이탈하면 손절한다는 규칙",,93,False,conflict,④분할매도 손절 -20% 살라미
223830014720,2025-04-11,28,223830014720-4,⑦프로그램·상품,"'스윙투자 전략서' 책, 박스권 단기스윙 매매법 강의, 미공개 정보집 한정판을 홍보",,129,False,none,
223834933488,2025-04-16,28,223834933488-1,③분할매수,"'삼각분할 매수' — 첫 매수 비중 30~40%, 추가 매수는 첫 매수의 1.5배 또는 2~3배로 진입",30~40%;1.5배;2~3배,120,False,agree,"③분할매수 첫매수 30~40%, 추가매수 1.5배/2~3배"
223834933488,2025-04-16,28,223834933488-2,④분할매도,재료 소멸에 따른 급락이라 판단되면 기술적 반등을 기다리지 않고 즉시 매도한다는 판단,,148,False,new,
223834933488,2025-04-16,28,223834933488-3,④분할매도,손절 기준은 사전에 설정한 '감당 가능한 손실금액'을 초과하는 순간으로 규정,,131,False,new,
223834933488,2025-04-16,28,223834933488-4,①후보선정,뉴스·재료의 파급력·지속력·개연성을 꾸준히 체크해야 한다는 원칙 재확인,,154,False,agree,①후보선정 재료 지속력
223907979342,2025-06-22,28,223907979342-1,⑥국면대응,"고객예탁금 증가 여부와 지수 상승 여부의 조합으로 국면을 구분해, 국면별로 눌림목 매수 깊이(20일선 vs 60/120일선)를 다르게 설정",20일선;60일선;120일선,73,False,new,
223907979342,2025-06-22,28,223907979342-2,⑥국면대응,RSI 과열권 이탈 시점을 매수 참고 신호로 활용한다는 규칙,,140,False,new,
223907979342,2025-06-22,28,223907979342-3,③분할매수,자체 개발한 '반등 밴드'(주가·거래량 평균 기반 지표)로 이평선 구간에서 분할매수 타점을 설정,,189,False,new,
223907979342,2025-06-22,28,223907979342-4,⑥국면대응,지수가 꺾이면 아무리 강한 개별종목도 예외 없이 동반 조정을 받는다는 관찰(지수 우선),,102,False,new,
223940505813,2025-07-20,28,223940505813-1,①후보선정,"키움 HTS 통합메모관리자로 종목별 상승이유(재료)를 매일 기록해 '단서' 재등장 여부로 매매대상을 판별 — 2025-07 시점 누적 2,177종목",2177개,255,False,revision,①후보선정 종목의 끼
223940505813,2025-07-20,28,223940505813-2,⑤데이터기반,"(상승폭-하락폭-반등폭) 전수조사 데이터가 2025-07 시점 8,000건을 넘었다고 공개","8,000건",57,False,revision,"2.데이터 기반 — (상승폭,하락폭,반등폭) 3종 세트 13,503건"
223940505813,2025-07-20,28,223940505813-3,①후보선정,"재료의 '단서'(향후 재등장 가능성·예정된 일정)가 명확한 종목에서만 매매하고, 그렇지 않으면 매매 대상에서 제외",,190,False,agree,①후보선정 재료 지속력
223940505813,2025-07-20,28,223940505813-4,⑦프로그램·상품,무료 체크리스트 이벤트와 통합메모 엑셀파일을 유료 박스권 강의 다운로드로 제공한다는 홍보,,288,False,none,
223978635244,2025-08-21,28,223978635244-1,③분할매수,"1억원 기준 종목당 최대 약 2,500만~3,300만원으로 투자금을 제한하고, 신용매수로 최대 2배 레버리지를 활용하는 자금관리 규칙","1억원;3,300만원;2,500만원;2배",39,False,new,
223978635244,2025-08-21,28,223978635244-2,③분할매수,3/4/5/7/9분할 등 N분할 삼각비중(하단으로 갈수록 비중 증가) 공식을 제시하고 균등형·다이아몬드형·역삼각형과 비교,16.7%;33.3%;50%;20%;30%,55,False,new,
223978635244,2025-08-21,28,223978635244-3,⑥국면대응,급락장에는 삼각형(비중 증가형) 분할매수가 유리하고 상승장에는 역삼각·균등형이 유리하다는 국면별 분할매수 형태 선택,,76,False,new,
223978635244,2025-08-21,28,223978635244-4,①후보선정,재료의 파급력·지속력이 있는 종목만 급락장에서도 반등이 나온다는 종목선정 기준,,117,False,agree,①후보선정 재료 지속력
223978635244,2025-08-21,28,223978635244-5,⑤데이터기반,"2025-08-21 시점 상승폭·하락폭·반등폭 데이터가 11,075개(1만 건 이상)로 공개","11,075개",199,False,agree,2.데이터 기반 — 1만 건 이상(2025-08)
223978635244,2025-08-21,28,223978635244-6,⑦프로그램·상품,삼각매수 비중과 실제 하락폭 통계 상세는 박스권 스윙매매 강의 수강생에게만 제공한다는 홍보,,201,False,none,
224029868106,2025-10-02,28,224029868106-1,①후보선정,급등 여부는 거래공백구간(기술적 요인)과 재료의 대중적 파급력·지속성(뉴스) 두 요소의 결합에 달려있다고 주장,,150,False,agree,§1① 후보선정 - 재료의 지속력(완료형 뉴스는 거른다)
224029868106,2025-10-02,28,224029868106-2,②앵커,일봉·분봉 거래량 프로파일(거래집중구간)을 지지·저항 판단 근거로 활용해 눌림목 매수 타점을 추정하는 기법을 제시,,60,True,new,
224029868106,2025-10-02,28,224029868106-3,⑤데이터기반,"상승폭·하락폭·반등폭 데이터를 2020년 1월부터 약 12,500여건 수집했다고 공개(2025-10 시점)",12500;2020,235,False,agree,"§2 데이터 기반 - 규모 시계열(12,500여 건, 2025-10)"
224029868106,2025-10-02,28,224029868106-4,②앵커,"계산기는 시작점과 최고점, 투자금액을 입력하면 매수 비중과 매수 구간이 자동 계산된다고 소개",,242,True,agree,§1② 앵커지정 - 사람이 두 점을 입력
224098489956,2025-12-04,28,224098489956-1,⑥국면대응,지수가 RSI 과매수 구간에 진입하면 전체 자금의 최소 50% 이상을 현금으로 확보해야 한다고 주장,50%,45,False,new,
224098489956,2025-12-04,28,224098489956-2,⑥국면대응,변동성 장세에서는 목표수익률을 3~5%로 낮추고(줄먹) 보유기간을 최대 1주 이내로 최소화해야 한다고 주장,3~5%;1주,53,False,new,
224098489956,2025-12-04,28,224098489956-3,①후보선정,변동성 장세에서는 시장보다 강한 대장주·주도 섹터로 포트폴리오를 압축해야 한다고 주장(대장주 우선 원칙 재확인),,58,False,agree,§1① 후보선정 - 대장주 우선
224098489956,2025-12-04,28,224098489956-4,④분할매도,직전 최고가~최저가의 1/2~1/3 반등구간에서 기계적으로 매도한다는 다우이론 기반 규칙을 실전 사용한다고 설명,1/2;1/3,80,True,agree,§1④ 분할매도 - 변동성 장세 보조 규칙(다우 이론)
224098489956,2025-12-04,28,224098489956-5,④분할매도,"반등이 1/2~1/3 구간을 넘지 못하고 전저점을 이탈하면 손절, 1~2주(약5~10거래일) 무반응이면 비중을 점진 축소한다고 설명",5~10,98,False,agree,§1④ 분할매도 - 변동성 장세 보조 규칙(다우 이론)
224098489956,2025-12-04,28,224098489956-6,④분할매도,반등없이 2주 초과시 매일 보유물량 10~20%씩 기계적으로 매도하는 살라미 전술을 제시(1판의 −20%손실 트리거와 발동조건이 다름),10~20%;2주,107,False,conflict,§1④ 분할매도 - 손절=살라미 분할손절(손실률 −20% 초과 시)
224098489956,2025-12-04,28,224098489956-7,②앵커,계산기는 상승이 시작된 저점과 최고점 두 가지 숫자만 입력하면 매수 범위가 산출된다고 설명,,210,True,agree,§1② 앵커지정 - 사람이 두 점을 클릭
224098489956,2025-12-04,28,224098489956-8,③분할매수,계산기 프리셋으로 방어형·표준형·공격형 스타일을 선택할 수 있다고 소개(안정형=방어형 표기 확인),,221,True,agree,§5 계산기 사양 - 프리셋(표준형/안정형=방어형?/공격형)
224098489956,2025-12-04,28,224098489956-9,③분할매수,HDR(고밀도구간) 값을 조절하면 넓은 매수범위를 핀셋처럼 단일 타점으로 좁힐 수 있다고 설명,,222,False,agree,§5 계산기 사양 - Ver1.3→1.4 HDR 60 모드
224098489956,2025-12-04,28,224098489956-10,⑤데이터기반,"계산기가 과거 급등주 데이터 약 12,500여개를 기반으로 한다고 공개(2025-12 시점)",12500,203,False,agree,"§2 데이터 기반 - 규모 시계열(12,500여 건, 2025-10)"
224098489956,2025-12-04,28,224098489956-11,③분할매수,"에스비비테크 사례: 상승폭 41%에 대해 매수 중심가 3개 값(28,329/27,271/26,213원)을 계산기로 공개",41%;28329;27271;26213,215,True,new,
224098489956,2025-12-04,28,224098489956-12,⑥국면대응,물린 종목은 비중을 축소하고 그 자금을 수급이 몰리는 주도주로 옮겨 수익으로 손실을 상쇄하는 자금순환 전략을 제시,,186,False,new,
224140664340,2026-01-09,28,224140664340-1,③분할매수,2등주는 대장주의 대체재가 아니라 비중을 제한한 보조(옵션) 포지션으로 삼각분할(1:2:7 등)로 설계해야 한다고 주장,1:2:7;2:3:5,146,False,agree,"§1③ 분할매수 - 삼각형 비중(1:2:7 또는 2:3:5), 3분할 판본"
224140664340,2026-01-09,28,224140664340-2,③분할매수,대장주는 2등주와 달리 3:3:4 비중의 3분할 매수를 예시로 제시,3:3:4,132,True,new,
224140664340,2026-01-09,28,224140664340-3,①후보선정,동일 섹터 내에서 먼저 오른 종목이 아니라 상승폭이 더 큰 종목을 대장주로 판단하는 기준을 제시,,153,False,new,
224140664340,2026-01-09,28,224140664340-4,③분할매수,"실전 사례: 에임드바이오 5분할(5:10:15:20:50, 안정형) 전량체결 평균단가 55.632원, 이후 저점대비 약25% 반등",5:10:15:20:50;55.632;25%,169,True,new,
224147987492,2026-01-15,28,224147987492-1,③분할매수,눌림목 매매 진입방식을 물타기·불타기·모아가기·몰빵 4가지로 분류하고 종목 성격(우량주 vs 급등주)에 따라 다르게 적용해야 한다고 주장,,2,False,new,
224147987492,2026-01-15,28,224147987492-2,③분할매수,급등주 눌림목 매수는 삼각형 비중(1:2:7 또는 2:3:5)으로 아래로 갈수록 크게 잡아야 한다고 재확인,1:2:7;2:3:5,54,False,agree,§1③ 분할매수 - 삼각형 비중(1:2:7 또는 2:3:5)
224147987492,2026-01-15,28,224147987492-3,③분할매수,"형지엘리트 실전 사례: 비중 5:10:15:20:50 5분할 전량체결시 평단 1,767원(1판 크로스검증값과 동일)",5:10:15:20:50;1767,63,True,agree,§4 교차검증 - 형지엘리트 평단(0.38% 차)
224147987492,2026-01-15,28,224147987492-4,①후보선정,우량주(대형주·기관수급)는 추세 반전시 반등없이 흘러내리는 경우가 많아(파마리서치 -48% 사례) 단기 눌림목 매매에 부적합하다고 주장,48%,84,True,new,
224147987492,2026-01-15,28,224147987492-5,⑤데이터기반,계산기가 5년간의 방대한 급등주 데이터 기반이라고 언급(1판의 2020~2025 6년 표현과 상이),5,125,False,conflict,"§2 데이터 기반 - 기간(2020~2025, 6년)"
224147987492,2026-01-15,28,224147987492-6,④분할매도,"지지 확인 후 몰빵 전략의 손익비 기준으로 기대수익 +15% 이상, 감수손실 -5% 이내를 제시",15%;-5%,69,False,new,
224156196445,2026-01-22,28,224156196445-1,①후보선정,"뉴스가 완료형(선정됐으니 끝/승인받았으니 끝)이면 거르고, 후속보도가 이어질 가능성이 있는 재료만 취해야 한다고 주장",,100,False,agree,§1① 후보선정 - 재료의 지속력(완료형 뉴스는 거른다)
224156196445,2026-01-22,28,224156196445-2,①후보선정,"과거 상승 키워드를 매일 기록(키움 통합메모관리자, 2,307종목·2023년2월부터)해 같은 키워드 재등장시 확신을 갖고 공략하는 '종목의 끼' 원칙",2307;2023,225,True,agree,"§1① 후보선정 - 종목의 끼(통합메모관리자 2,307종목, 2023-02~)"
224156196445,2026-01-22,28,224156196445-3,③분할매수,재료에 대한 확신이 부족한 종목은 매매를 자제하거나 손절을 각오하고 보수적으로 비중을 설계한다고 주장,,163,False,new,
224165185184,2026-01-30,28,224165185184-1,⑥국면대응,지수가 20일선을 상향돌파한 뒤 이탈까지 최고점 도달 기간을 강세장 국면별로 통계 조사해 조정 시점을 확률적으로 추정(평균 약44.5일),44.5,136,False,new,
224165185184,2026-01-30,28,224165185184-2,⑥국면대응,지수가 20일선을 하향이탈하면 경험적으로 약 1개월 내외의 단기조정이 발생한다고 정의,1개월,46,False,new,
224165185184,2026-01-30,28,224165185184-3,⑥국면대응,"과거 3차례 강세장(IMF·금융위기·코로나)의 상승률·기간 데이터를 벤치마킹해 현재 강세장의 잠재 상단(코스피 약7,034pt)을 추정",208%;124%;130%;7034,59,False,new,
224175506626,2026-02-07,28,224175506626-1,④분할매도,"매도 기준은 최고점 예측이 아니라 저점대비 반등폭의 확률밀도(HDR, 최빈값)에 베팅하는 것이라고 주장",,104,False,agree,§1④ 분할매도 - 저점 대비 반등폭의 HDR 구간
224175506626,2026-02-07,28,224175506626-2,④분할매도,"표본441건에서 HDR60% 구간 반등폭 9.3~26.8%, HDR10%로 좁히면 10.8~12.7%로 나타남",441;60%;9.3%;26.8%;10%;10.8%;12.7%,123,True,agree,§1④ 분할매도 - HDR 60%(9.3~26.8%)→HDR 10%(10.8~12.7%)
224175506626,2026-02-07,28,224175506626-3,④분할매도,다른 표본349건에서는 HDR10% 반등폭이 10.7~12.2%로 나타남,349;10%;10.7%;12.2%,194,True,agree,§1④ 분할매도 - 표본 349건에 HDR 10% = 10.7~12.2%
224175506626,2026-02-07,28,224175506626-4,④분할매도,하락장에서는 HDR구간을 좁히고 그 초입에서 전량 또는 보유의 70~80%를 매도해야 한다고 주장,70%;80%,156,False,agree,§1④ 분할매도 - 하락장에서는 HDR을 좁히고 초입에서 전량/70~80% 매도
224175506626,2026-02-07,28,224175506626-5,④분할매도,"실전 사례(알트): 계획 진입가 4,180원대였으나 손실 감내 후 평단 4,086원으로 조정, 저점대비 반등10% 구간에서 전량매도(실제 최고반등은 12%)",4086;4180;10%;12%,200,True,new,
224207160457,2026-03-06,28,224207160457-1,⑤데이터기반,Ver1.4는 2025년 12월까지 데이터를 편입(+6개월치)하고 4분위수 매수 기능을 추가한다고 공지,2025-12;6,155,False,agree,"§2 데이터 기반 - Ver1.4(2025-12까지 편입, 4분위수 매수 기능)"
224207160457,2026-03-06,28,224207160457-2,⑥국면대응,"통계기반계산기는 원래 개별종목·테마용이나, 지수 자체가 개별종목처럼 급락한 경우 코스피·코스닥 지수에도 동일한 통계적 잣대를 적용할 수 있다고 주장",,49,False,new,
224207160457,2026-03-06,28,224207160457-3,③분할매수,"대장주는 적정 하락폭 통계 구간을 잘 이탈하지 않아 공격적 진입이 유리하고, 2·3등주는 통계구간(HDR60%)을 벗어나는 슈팅이 잦아 하락폭 범위를 더 넓게 설정해야 한다고 주장",60%,143,False,new,
224207160457,2026-03-06,28,224207160457-4,④분할매도,정규분포 꼬리(극단값)를 감안해 통계상 최대 하락폭(-39%)을 이탈하면 비중을 기계적으로 조절하는 리스크관리를 제시,-39%,120,False,new,
224226939493,2026-03-23,28,224226939493-1,①후보선정,바닥권에서 수천억~1조원의 거래대금을 터뜨리며 1·2차 시세를 낸 종목의 눌림목을 공략 대상으로 삼는다고 주장,1조,43,False,agree,§1① 후보선정 - 수급 필터(시가총액·거래대금)
224226939493,2026-03-23,28,224226939493-2,①후보선정,시가총액 5조원이 넘는 대형주는 덩치가 무거워 탄력적인 시세가 나오기 어려워 단기 스윙에 부적합하다고 주장,5조,38,False,agree,§1① 후보선정 - 시총 5조 이상 대형주는 부적합(탄력 부족)
224226939493,2026-03-23,28,224226939493-3,①후보선정,"종목이 가벼워야 탄력적인 시세가 나오며, 대장주는 폭락장에서도 후발주보다 지지·반등이 우수하다고 주장(대장주 우선)",,33,False,agree,§1① 후보선정 - 대장주 우선
224226939493,2026-03-23,28,224226939493-4,⑤데이터기반,계산기가 5년간의 방대한 급등주 데이터 기반이라고 광고문구에 명시(1판의 2020~2025 6년 표현과 상이),5,61,False,conflict,"§2 데이터 기반 - 기간(2020~2025, 6년)"
224238481275,2026-04-02,28,224238481275-1,①후보선정,"종목별 상승 재료를 3년 이상 매일 메모(2,300여개 종목)해 같은 키워드 재등장시 확신을 갖고 공략한다는 '종목의 끼' 원칙을 재확인",2300;3,154,False,agree,"§1① 후보선정 - 종목의 끼(통합메모관리자 2,307종목)"
224238481275,2026-04-02,28,224238481275-2,①후보선정,"같은 날 반응한 종목 수로 재료 강도를 판별 - 1~2개면 개별재료, 5개 이상이면 섹터 전체를 움직이는 재료로 간주",1~2;5,124,False,new,
224253762854,2026-04-15,28,224253762854-1,②앵커,"계산기는 고점·저점 두 번 클릭만으로 매수구간·비중을 자동으로 그려주며, 고점 경신시 최고점만 옮기면 재계산된다고 원문에서 직접 설명",,223,True,agree,§1② 앵커지정 - 사람이 두 점을 클릭(원문 인용과 일치)
224253762854,2026-04-15,28,224253762854-2,⑤데이터기반,"약 6년간 축적된 급등주 데이터(상승폭·하락폭·반등폭) 13,000~13,500건 이상을 계산기 근거로 명시",13000;13500;6,278,False,agree,"§2 데이터 기반 - 규모(13,503건)와 기간(2020~2025, 6년)"
224253762854,2026-04-15,28,224253762854-3,⑦프로그램·상품,계산기 지표를 TradingView에 이식해 무료가입 후 바로 활용 가능하도록 배포한다고 소개,,216,False,agree,§5 계산기 사양 - TradingView 지표판 배포
224253762854,2026-04-15,28,224253762854-4,①후보선정,"손익비가 나빠도 재료가 확실하면 손익비의 약점을 커버할 수 있어, 손익비보다 재료의 확실성이 더 중요하다고 주장",,160,False,new,
224253762854,2026-04-15,28,224253762854-5,③분할매수,계획된 하방 분할매수(물타기)를 사용할 경우 리스크 분산을 위해 최소 3종목 이상으로 나눠 투자해야 한다고 주장,3,143,False,new,
224341470917,2026-07-09,28,224341470917-1,④분할매도,자동매매 프로그램에 분할손절 기능을 탑재해 물린 종목을 매일 종가에 조금씩 매도하며 비중을 점진적으로 줄이도록 구현했다고 소개,,39,True,agree,§1④ 분할매도 - 살라미 분할손절(나머지를 거래일에 나눠 매일 종가 매도)
224341470917,2026-07-09,28,224341470917-2,⑦프로그램·상품,관심종목 등록과 통계계산기 설정으로 반자동 매매되는(완전자동 아님) 자체 개발 프로그램을 24시간 거래시대 대비 목적으로 출시,,41,False,new,
224359904250,2026-07-28,28,224359904250-1,⑤데이터기반,"2020~2025년 6년간 차트캡처 3,799장, 입력수치 40,509개, (상승폭,하락폭,반등폭) 세트 13,503건을 수작업으로 수집했다고 공개",2020;2025;6;3799;40509;13503,69,True,agree,§2 데이터 기반 - 규모와 성격
224359904250,2026-07-28,28,224359904250-2,③분할매수,"상승폭 구간별 평균 하락폭이 계단식으로 커짐을 실측으로 제시(20~30%→평균-16%, 300%이상→평균-41%)",20~30%;-16%;300%;-41%,90,True,agree,§2 데이터 기반 - 상승폭→평균 하락폭 표
224359904250,2026-07-28,28,224359904250-3,③분할매수,평균에 매수하면 안 된다 - 상승폭 45~48% 사례 481건 중 평균 근처에서 반등한 것은 53건(11%)뿐이라 구간 전체에 나눠 사야 한다고 주장,481;53;11%,109,True,agree,"§1③ 분할매수 - 평균에 사면 안 된다(481건 중 53건, 11%)"
224359904250,2026-07-28,28,224359904250-4,③분할매수,"매수 밴드는 상승폭에 따라 달라짐을 실측 공개(다날 상승폭29.8%→매수구간4452~4126원, 코스모로보틱스86.5%→15491~13240원)",29.8%;4452;4126;86.5%;15491;13240,157,True,agree,§1③ 분할매수 - 밴드는 상승폭에 따라 달라진다(다날/코스모로보틱스)
224359904250,2026-07-28,28,224359904250-5,②앵커,매수 밴드선은 저자의 감정이 아니라 차트에서 저점·고점을 클릭하면 과거 유사사례를 뒤져 자동으로 그어진다고 강조,,158,True,agree,§1② 앵커지정 - 사람이 두 점을 입력
224359904250,2026-07-28,28,224359904250-6,④분할매도,매도가도 매수와 동일하게 과거 통계 데이터를 바탕으로 자동 산출된다고 설명,,158,False,agree,§1④ 분할매도 - 저점 대비 반등폭의 HDR 구간
224359904250,2026-07-28,28,224359904250-7,③분할매수,"프로그램은 두 번 클릭 후 3초 내에 상승폭 계산→유사사례 검색→밀집구간 산출→차수별 매수가·수량까지 자동화하고, 목표가 도달시 자동주문까지 실행한다고 설명",3,193,False,new,
224361924061,2026-07-29,28,224361924061-1,②앵커,"삼성전자 사분위수 Q3=167,200원(상승 시작점 2024년말 기준)을 근거로 하락이 아직 통계적 정상 조정범위 안이라고 판정",167200;Q3,17,True,agree,"§4 교차검증 - 삼성전자 Q3=167,200원(정확 일치)"
224361924061,2026-07-29,28,224361924061-2,④분할매도,"손실률 -20% 초과시 살라미 분할손절: 보유의 1/2·1/3·1/4 중 하나를 1차 시장가매도, 나머지는 10/15/20거래일에 나눠 매일 종가매도, 본전가 도달시 잔량 전량 자동매도",-20%;1/2;1/3;1/4;10;15;20,97,False,agree,§1④ 분할매도 - 손절=살라미 분할손절
224361924061,2026-07-29,28,224361924061-3,①후보선정,"종목 선정시 거래대금÷시가총액 비율을 핵심 기준으로 사용(다날 예시 830억/3,500억=0.2368배)",830;3500;0.2368,81,False,agree,"§1① 후보선정 - 수급 필터(거래대금÷시총 비율, 다날 0.2368배)"
224361924061,2026-07-29,28,224361924061-4,⑥국면대응,"월봉 RSI가 과열권에 진입한 해는 이듬해 횡보 또는 급락하는 패턴이 반복되며, 코스피는 RSI 40선 부근까지 내려와야 조정이 마무리될 가능성이 있다고 판단",40,36,False,new,
224361924061,2026-07-29,28,224361924061-5,④분할매도,분할손절 예약은 매일 아침 8시50분에 그날 매도수량 주문과 본전가 도달시 잔량 전량매도 주문을 동시에 걸어두는 이중 자동주문 구조로 구현했다고 설명,,120,False,new,
224369261402,2026-08-05,28,224369261402-1,①후보선정,한 달 이내 저점 대비 20% 이상 급등 후 눌림목·재반등 이력('종목의 끼')이 있는 종목이 재차 급등할 확률이 높다고 본다,20%;한 달,46,False,agree,①후보선정 '종목의 끼' — 과거 상승 키워드 재등장 시 공략
224369261402,2026-08-05,28,224369261402-2,①후보선정,시가총액이 가볍고 유통주식비율이 낮은 종목일수록 같은 재료·거래대금에도 더 크게 움직인다고 본다,24.5%;75.29%,253,False,new,
224369261402,2026-08-05,28,224369261402-3,①후보선정,과거 급등 시점과 현재의 거래대금÷시가총액 비율을 비교해 비율이 커졌으면 후보로 우선한다,"688억;3,152억;1,576억;2,358억;21.8%;66.8%",141,False,agree,①후보선정 수급 필터(거래대금÷시총 비율)
224369261402,2026-08-05,28,224369261402-4,①후보선정,대장주보다 유통물량이 적은 2등주·계열사가 같은 재료에서 더 탄력적으로 움직일 수 있다고 본다,129조;47조;16조,209,False,conflict,①후보선정 대장주 우선(2등주는 대장주보다 낙폭이 크다)
224369261402,2026-08-05,28,224369261402-5,①후보선정,종목 선정 시 재료보다 시가총액·거래대금·과거 급등이력('끼')을 먼저 보고 재료는 마지막에 확인한다,,341,False,conflict,①후보선정 재료(뉴스·촉매)가 1차 필터
224369261402,2026-08-05,28,224369261402-6,⑦프로그램·상품,본인은 종목만 직접 고르고 매수·매도 타이밍은 자동매매 프로그램에 맡긴다,,327,False,agree,②앵커 지정 — 사람이 두 점을 클릭하면 프로그램이 매수·매도 구간을 계산
80179907065,2013-01-28,29,80179907065-1,⑧기타,방법론 주장 없음,,-1,False,none,
80180681536,2013-02-04,29,80180681536-1,⑥국면대응,주도 테마 없이 방향이 불분명한 장에서는 공격적 매매 대신 저점을 기다리며 분할매수 실탄을 준비해둔다,,21,False,new,
80180681536,2013-02-04,29,80180681536-2,⑥국면대응,설 명절 직전에는 세뱃돈 마련을 위한 매도 물량 출회를 계절적 리스크로 고려한다,,24,False,new,
80181372193,2013-02-12,29,80181372193-1,①후보선정,낙폭과대 종목에 엔벨로프 비중 지표를 적용하면 수익 기회를 낼 수 있다고 본다,,15,False,new,
80181972146,2013-02-18,29,80181972146-1,③분할매수,북한 리스크 등 지정학적 악재로 인한 급락은 적극적인 분할매수 구간으로 삼는다,,27,False,new,
80181972146,2013-02-18,29,80181972146-2,⑥국면대응,지수가 기준선 위인지 아래인지에 따라 공격 포지션과 방어 포지션을 전환한다,,8,False,new,
80181972146,2013-02-18,29,80181972146-3,①후보선정,상장폐지 시즌을 앞두고는 실적이 좋은 스몰캡주를 조금씩 매수하는 전략이 유효하다고 본다,,33,False,new,
80182761018,2013-02-25,29,80182761018-1,④분할매도,수익보다 손실을 내지 않는 것을 매매의 최우선 원칙으로 삼는다고 강조한다,,23,False,new,
80183577217,2013-03-04,29,80183577217-1,⑧기타,방법론 주장 없음,,-1,False,none,
80184395314,2013-03-11,29,80184395314-1,⑧기타,방법론 주장 없음,,-1,False,none,
80185264489,2013-03-18,29,80185264489-1,①후보선정,"박스권 상단 돌파로 신고가를 만드는지 확인 후 접근하거나, 과열 국면에서는 눌림목에서 짧게 수익을 취한다",,20,False,new,
80186173391,2013-03-25,29,80186173391-1,⑧기타,방법론 주장 없음,,-1,False,none,
80186923577,2013-04-01,29,80186923577-1,⑧기타,방법론 주장 없음,,-1,False,none,
80187650799,2013-04-08,29,80187650799-1,⑧기타,방법론 주장 없음,,-1,False,none,
80188121125,2013-04-15,29,80188121125-1,①후보선정,상한가권 종목 중 거래대금 100억원 이상으로 유동성이 풍부한 종목을 공략 대상으로 삼는다,100억,19,False,agree,①후보선정 수급 필터(거래대금)
80188121125,2013-04-15,29,80188121125-2,④분할매도,재료소멸이 임박한 테마주는 길게 보유하지 않고 짧게 끊어 수익실현한다,,20,False,new,
80188576376,2013-04-22,29,80188576376-1,①후보선정,기준선·엔벨로프·120일선 등 기법상 매수 자리에 도달한 급등주에 비중을 배팅한다,,23,False,new,
80189019381,2013-04-29,29,80189019381-1,①후보선정,초급등 위주 코스닥 종목을 기법상 매수 자리에서 매수하는 전략을 유지한다,,23,False,agree,①후보선정 바닥권 대량 거래대금 종목의 첫 눌림목
80189459406,2013-05-06,29,80189459406-1,③분할매수,상승 후 눌림목이 온 종목을 찾아 기다렸다가 매수하는 전략을 쓴다,,24,False,agree,③분할매수 상승폭에 따른 하락폭 밴드에서 분할매수
80189893008,2013-05-13,29,80189893008-1,⑧기타,방법론 주장 없음,,-1,False,none,
80192620051,2013-06-24,29,80192620051-1,①후보선정,약세장에서는 중장기 추세선을 이끌고 상승했던 우량주 중 낙폭과대 종목을 골라 짧게 수익실현한다,,9,False,new,
80192620051,2013-06-24,29,80192620051-2,④분할매도,약세장에서는 손절을 짧게 잡고 수익도 3%·5%·7% 등으로 짧게 잘라 실현한다,3%;5%;7%,17,False,conflict,④분할매도 손절=살라미 분할손절(손실률 -20% 초과 시)
80193616305,2013-07-09,29,80193616305-1,⑥국면대응,하락장에서는 장 초반 반등 때 비중을 줄이고 장 후반에 매수하는 전강후약 대응을 한다,,7,False,new,
80193616305,2013-07-09,29,80193616305-2,③분할매수,투매가 나올 때는 급하게 매수하지 않고 천천히 매집하다가 RSI 쌍바닥에서 비중을 싣는다,,11,False,new,
80201500283,2013-11-11,29,80201500283-1,⑥국면대응,지수가 기준선 위/밀접/아래 중 어디 있는지에 따라 비중 확대·관망·RSI 참고 분할매수로 대응을 나눈다,,7,False,new,
80201500283,2013-11-11,29,80201500283-2,③분할매수,"기준선 대비 지수 위치별로 RSI 30후반, 30초반, 20후반대에서 단계적으로 분할매수 타점을 잡는다",RSI 30후반대;RSI 30초반대;RSI 20후반대,9,False,new,
80201500283,2013-11-11,29,80201500283-3,①후보선정,분할매수 대상은 시가총액 1조원 이상 우량종목으로 한정한다,1조원,12,False,new,
80204825248,2014-01-05,29,80204825248-1,⑥국면대응,인버스 ETF에 대한 기관 연속 순매수 여부로 지수의 방향을 가늠해 보수적 대응 여부를 정한다,,13,False,new,
80204825248,2014-01-05,29,80204825248-2,③분할매수,"우상향 추세 종목은 떨어질 때 모아가고, 실적발표를 앞둔 대형주는 여유를 두고 분할매수한다",,34,False,agree,③분할매수 상승폭에 따른 하락폭 밴드에서 분할매수
80205350623,2014-01-13,29,80205350623-1,①후보선정,지수가 기준선 위로 전환한 국면에서는 테마주 쪽으로 공격적으로 접근한다,,14,False,new,
80205687248,2014-01-18,29,80205687248-1,①후보선정,전고점을 돌파하고 상승하는 종목을 반복적으로 짧게 단기매매하는 것이 낙폭과대 종목보다 낫다고 본다,,22,False,new,
80205687248,2014-01-18,29,80205687248-2,③분할매수,테마주가 전고점을 돌파한 시세 초입 구간에서는 여유를 두고 분할로 눌림목을 공략한다,,18,False,agree,③분할매수 상승폭에 따른 하락폭 밴드에서 분할매수
80206242260,2014-01-27,29,80206242260-1,①후보선정,전고점을 돌파한 뒤 눌림을 주는 차트 패턴이 비슷한 종목만 골라 공략하면 매매 확률을 높일 수 있다고 본다,,21,False,new,
80206242260,2014-01-27,29,80206242260-2,②앵커,우량주는 전고점까지 눌림을 잘 주지 않으므로 전고점 눌림 박스권에서 매매 타점을 잡는 '전고눌림 박스매매법'을 쓴다,,24,False,new,
80206610594,2014-02-02,29,80206610594-1,⑧기타,방법론 주장 없음,,-1,False,none,
220017191993,2014-06-01,29,220017191993-1,⑧기타,방법론 주장 없음,,-1,False,none,
220025592919,2014-06-10,29,220025592919-1,①후보선정,선거 등으로 재료 지속성이 소멸된 테마주는 원상복귀 가능성이 있어 실적·수급이 받쳐주는 종목만 선별한다,,15,False,agree,①후보선정 재료의 지속력을 본다(완료형 재료는 거른다)
220031447779,2014-06-16,29,220031447779-1,①후보선정,고령화·한류·모바일 등 시대 트렌드에 맞는 종목을 미리 선취매하는 전략을 취한다,,19,False,new,
220039117120,2014-06-23,29,220039117120-1,③분할매수,역배열 하락 구간에서는 공격적 매매를 피하고 최저점 부근에서만 하방 분할매수한다,,25,False,agree,③분할매수 상승폭에 따른 하락폭 밴드에서 분할매수
220039117120,2014-06-23,29,220039117120-2,①후보선정,실적 하향 조정이 진행 중인 업종은 실적 발표 이후에 신규 매수한다,,15,False,new,
220045201731,2014-06-30,29,220045201731-1,③분할매수,우상향 추세 종목이 눌릴 때 공략하는 것이 좋은 전략이라고 본다,,40,False,agree,③분할매수 상승폭에 따른 하락폭 밴드에서 분할매수
220051365119,2014-07-05,29,220051365119-1,③분할매수,쌍바닥 시세 초기의 코스닥 종목은 단기보다 다소 길게 보유하며 수익률을 높이는 전략을 쓴다,,26,False,new,
220058870538,2014-07-13,29,220058870538-1,③분할매수,"상승추세 전환 국면에서 눌림이 오면 적극적으로 공략하고, 연기금·투신·외국인이 집중 매수하는 종목이 눌릴 때 우선한다",,40,False,agree,③분할매수 상승폭에 따른 하락폭 밴드에서 분할매수
220064654549,2014-07-18,29,220064654549-1,①후보선정,정보 비대칭성이 적은 기관의 연속 수급이 들어오는 중소형주가 외국인 수급보다 시세를 이끌기 유리하다고 본다,,23,False,new,
220073529512,2014-07-27,29,220073529512-1,⑥국면대응,경기 불황에서 호황으로 전환될 때 금융·건설 → 에너지·철강 → 자동차·IT제조업 → 유통·해운 → 조선업 순으로 주가가 순환한다고 본다,,15,False,new,
220080409640,2014-08-03,29,220080409640-1,①후보선정,배당 확대·내수 소비 진작 정책의 수혜가 겹치는 업종을 우선 골라야 한다고 본다,,47,False,new,
220087820444,2014-08-10,29,220087820444-1,④분할매도,"지수가 기준선을 깨자마자 보유 코스피 종목 비중을 절반가량 줄이고, 이후 저점에서 1차 추가매수한다",,32,False,new,
220087820444,2014-08-10,29,220087820444-2,①후보선정,지수 조정 국면에서는 지수 영향을 덜 받는 급등주·주도주를 노리는 것이 유리하다고 본다,,49,False,agree,①후보선정 대장주 우선
220095057685,2014-08-17,29,220095057685-1,③분할매수,변동성 국면에서는 상승 추세대 저점 이탈 전까지 조정을 부분 분할매수 기회로 삼는다,,24,False,agree,③분할매수 상승폭에 따른 하락폭 밴드에서 분할매수
220101346787,2014-08-23,29,220101346787-1,①후보선정,외국인·기관 수급이 몰리는 내수 주도 업종이 눌릴 때 접근한다,,41,False,agree,③분할매수 상승폭에 따른 하락폭 밴드에서 분할매수
220109528846,2014-09-01,29,220109528846-1,⑧기타,방법론 주장 없음,,-1,False,none,
220115259865,2014-09-06,29,220115259865-1,①후보선정,실적 전망이 긍정적인 중소형주를 추세 지속 종목으로 우선한다,,32,False,agree,①후보선정 재료의 지속력을 본다
220120849387,2014-09-13,29,220120849387-1,①후보선정,종목별 장세에서는 수급이 주도하는 업종이나 우상향 추세 종목을 골라 거래한다,,21,False,agree,③분할매수 상승폭에 따른 하락폭 밴드에서 분할매수
220128831639,2014-09-22,29,220128831639-1,①후보선정,투신·외국인 수급이 집중되고 전고점을 돌파한 종목만 선별해 매매한다,,24,False,agree,①후보선정 수급 필터(거래대금)
220135623728,2014-09-29,29,220135623728-1,③분할매수,지수가 기준선을 하락 이탈하면 보수적으로 전환해 최대한 아래쪽에서 분할매수로 접근한다,,25,False,agree,③분할매수 상승폭에 따른 하락폭 밴드에서 분할매수
220141649283,2014-10-05,29,220141649283-1,②앵커,장중 등락이 반복되는 장에서는 오후 종가에 매수하고 다음날 오전 시가에 매도하는 단기 타이밍 전략을 쓴다,,26,False,new,
220148303350,2014-10-12,29,220148303350-1,③분할매수,환율 상승에 따른 외국인 매도로 대형 우량주(코스피200)가 조정을 받으면 폭넓게 분할매수하거나 강한 종목을 노린다,,24,False,agree,③분할매수 상승폭에 따른 하락폭 밴드에서 분할매수
220148303350,2014-10-12,29,220148303350-2,⑥국면대응,코스닥 매매 시 양봉·음봉을 만든 주체가 외국인 수급인지 반복 확인해 추종 매매한다,,37,False,new,
220154742400,2014-10-18,29,220154742400-1,⑧기타,방법론 주장 없음,,-1,False,none,
220162138144,2014-10-26,29,220162138144-1,①후보선정,배당지수 편입 종목 중 일평균 거래대금이 풍부하고 우상향 차트인 우량 중소형주를 눌림목에서 공략한다,,22,False,agree,①후보선정 수급 필터(거래대금)
220169280504,2014-11-02,29,220169280504-1,①후보선정,저성장 국면에서는 시장 자금이 몰리는 성장·희소성 있는 종목의 흐름을 추세대로 따라간다,,44,False,new,
220175710674,2014-11-09,29,220175710674-1,①후보선정,증시 호재가 뚜렷하지 않을 때는 배당 프리미엄이 높은 내수주와 실적 좋은 중소형주 위주로 접근한다,,25,False,agree,①후보선정 재료의 지속력을 본다
220182726643,2014-11-16,29,220182726643-1,③분할매수,반등의 힘이 약한 장에서는 당일 강세 종목을 매매하거나 장 후반(오후 2시 이후)에 분할매수한다,,18,False,new,
220189534740,2014-11-23,29,220189534740-1,⑧기타,방법론 주장 없음,,-1,False,none,
220196356689,2014-11-30,29,220196356689-1,⑧기타,방법론 주장 없음,,-1,False,none,
220203129256,2014-12-07,29,220203129256-1,⑧기타,방법론 주장 없음,,-1,False,none,
220210180931,2014-12-15,29,220210180931-1,⑥국면대응,약세·조정장일수록 수급이 집중되는 주도주 위주로 포트폴리오를 운영해야 한다는 원칙 제시,,13,False,new,
220216353872,2014-12-21,29,220216353872-1,①후보선정,이슈종목에 수급 쏠려 소외된 우량주·중소형주를 중장기 관점의 추가매수 기회로 봄,,27,False,new,
220222561227,2014-12-28,29,220222561227-1,⑧기타,방법론 주장 없음(책 출판 계획 언급은 판촉이지 방법론 아님),,-1,False,none,
220236336260,2015-01-11,29,220236336260-1,⑥국면대응,RSI 과매도권 진입+쌍바닥 패턴 등장을 지수 저점 판별 근거로 사용,,12,False,new,
220626322210,2016-02-14,29,220626322210-1,⑥국면대응,일봉 RSI가 30 이하 과매도권에 진입하면 단기 반등 가능성이 매우 높다고 판단,RSI 30,36,True,new,
220626322210,2016-02-14,29,220626322210-2,⑥국면대응,주봉 RSI 30 미만은 2008·2011년급 희귀 위기 신호이며 35~30 구간에서 반등이 반복돼왔다고 서술,RSI 35;RSI 30;2008;2011,60,True,new,
220626322210,2016-02-14,29,220626322210-3,⑥국면대응,월봉 RSI 20 이하를 적극 매수 타이밍으로 삼되 금융위기 전조 시엔 먼저 전량 정리 후 재진입,RSI 20,75,True,new,
220626322210,2016-02-14,29,220626322210-4,①후보선정,실적 기대되는데 글로벌 시황 탓에 투매 맞아 이격 크게 벌어진 종목 위주로 단기 반등을 노림,,93,False,new,
220850225573,2016-10-31,29,220850225573-1,⑥국면대응,과거의 유사한 하락·투매·반등 차트 패턴을 현재 장세에 대입해 향후 흐름을 가늠,,1,True,new,
221070477557,2017-08-09,29,221070477557-1,⑥국면대응,지정학적 리스크로 인한 급락은 언제나 저가매수 기회였다고 서술,,51,False,new,
221078093675,2017-08-20,29,221078093675-1,⑧기타,방법론 주장 없음,,-1,False,none,
221083312549,2017-08-27,29,221083312549-1,⑧기타,방법론 주장 없음,,-1,False,none,
221087977829,2017-09-02,29,221087977829-1,①후보선정,이슈에 실질적으로 연관·수혜가 있는 업종을 중장기 시각으로 선별 접근할 것을 권함,,86,False,new,
221093614691,2017-09-10,29,221093614691-1,⑧기타,방법론 주장 없음,,-1,False,none,
221099148866,2017-09-18,29,221099148866-1,⑧기타,방법론 주장 없음(짐 로저스 인용은 저자 본인 방법론 아님),,-1,False,none,
221104317224,2017-09-24,29,221104317224-1,①후보선정,낙폭 컸던 전기차·수소차·2차전지 등 신흥 유망 섹터를 죽은 테마가 아닌 지속 관심 대상으로 제시,,96,False,new,
221113521256,2017-10-10,29,221113521256-1,⑧기타,방법론 주장 없음,,-1,False,none,
221117794131,2017-10-16,29,221117794131-1,⑧기타,방법론 주장 없음,,-1,False,none,
221122640341,2017-10-22,29,221122640341-1,⑧기타,방법론 주장 없음,,-1,False,none,
221127968376,2017-10-29,29,221127968376-1,⑧기타,방법론 주장 없음,,-1,False,none,
221133330577,2017-11-06,29,221133330577-1,⑧기타,방법론 주장 없음,,-1,False,none,
221138194103,2017-11-12,29,221138194103-1,①후보선정,자신의 저서(트레이딩 바이블1)를 인용해 우량주 단타매매 종목선정 조건으로 기관·외국인의 대량 수급 유입을 제시,,45,False,new,
221143616404,2017-11-19,29,221143616404-1,⑧기타,방법론 주장 없음,,-1,False,none,
221149144504,2017-11-26,29,221149144504-1,⑧기타,방법론 주장 없음,,-1,False,none,
221153929045,2017-12-02,29,221153929045-1,⑧기타,방법론 주장 없음,,-1,False,none,
221159390812,2017-12-09,29,221159390812-1,①후보선정,섀도보팅 폐지로 소액주주 의결권 확보 필요성이 커지며 대주주 지분율이 낮은 종목에서 투자기회가 생긴다고 봄,,86,False,new,
221165150844,2017-12-17,29,221165150844-1,⑧기타,방법론 주장 없음,,-1,False,none,
221170198783,2017-12-24,29,221170198783-1,⑧기타,배당금 수령보다 배당락 당일 주가 하락이 부담스러워 배당락 전에 매도하는 것이 개인 원칙이라 밝힘,,46,False,new,
221175907503,2018-01-02,29,221175907503-1,⑧기타,방법론 주장 없음,,-1,False,none,
221179693502,2018-01-07,29,221179693502-1,⑧기타,방법론 주장 없음,,-1,False,none,
221184583351,2018-01-14,29,221184583351-1,⑥국면대응,정부 정책에 맞서지 말라는 증시 격언을 근거로 코스닥 활성화정책 수혜가 예상되는 중소형주 매수 우위론을 지지,,82,False,new,
221190053575,2018-01-21,29,221190053575-1,⑧기타,방법론 주장 없음,,-1,False,none,
221195414759,2018-01-28,29,221195414759-1,⑧기타,방법론 주장 없음,,-1,False,none,
221200272944,2018-02-03,29,221200272944-1,⑥국면대응,경기 회복 국면에서의 금리 상승은 주식 매수의 적절한 기회로 판단,,63,False,new,
221206350877,2018-02-11,29,221206350877-1,⑥국면대응,지수 60일 이동평균선 이탈 시 후속 반등 국면에서 미리 비중을 정리하는 것이 낫다고 판단,60일선,46,False,new,
221206350877,2018-02-11,29,221206350877-2,①후보선정,실적이 우수하면서 저평가된 종목은 급락장에서도 매수 기회로 활용 가능하다고 판단,,46,False,new,
221215713296,2018-02-24,29,221215713296-1,①후보선정,테마주 중 아직 덜 오른 종목은 후보로 보되 이미 급등한 종목은 진입을 극도로 조심해야 한다는 원칙,,68,False,new,
221221463340,2018-03-04,29,221221463340-1,⑧기타,방법론 주장 없음,,-1,False,none,
221225970944,2018-03-10,29,221225970944-1,⑧기타,방법론 주장 없음,,-1,False,none,
221230983336,2018-03-17,29,221230983336-1,⑧기타,방법론 주장 없음,,-1,False,none,
221236946974,2018-03-25,29,221236946974-1,⑧기타,방법론 주장 없음,,-1,False,none,
221241771752,2018-03-31,29,221241771752-1,⑥국면대응,금리 인상발 조정 국면에서는 과거 사례상 코스닥·중소형주가 상대적으로 유리하다는 견해를 인용해 지지,,69,False,new,
221247313102,2018-04-07,29,221247313102-1,⑧기타,방법론 주장 없음,,-1,False,none,
221252865854,2018-04-14,29,221252865854-1,⑧기타,방법론 주장 없음,,-1,False,none,
221258214602,2018-04-21,29,221258214602-1,①후보선정,이름값(제약·바이오)만으로 급등하는 부실 종목의 묻지마 투자를 경계하며 옥석 가리기가 필요하다고 판단,100%~200%,78,False,new,
221263459301,2018-04-28,29,221263459301-1,①후보선정,개성공단·철도 등 바닥권에서 대량거래량이 터지는 테마주를 매수 후보로 유심히 봐야 한다고 주장,,123,False,agree,①후보선정 수급 필터(거래대금)
221268802926,2018-05-05,29,221268802926-1,①후보선정,단기 모멘텀 매매 시에는 대형주보다 시총이 작고 바닥권에서 대량거래량이 터진 종목을 선호한다고 주장,,83,False,agree,"①후보선정 수급 필터(시총·거래대금, 시총 5조 이상 대형주 부적합)"
221268802926,2018-05-05,29,221268802926-2,①후보선정,이미 급등한 테마주는 20~60일 이동평균선을 하회 이탈해 바닥을 다질 때 진입하는 것이 좋다고 주장,20~60일,84,False,new,
221274596794,2018-05-13,29,221274596794-1,⑥국면대응,성급한 예측성 매매보다 다가올 모멘텀을 확인한 뒤 접근하는 대응 우선 원칙을 주장,,1,False,new,
221274596794,2018-05-13,29,221274596794-2,⑥국면대응,박스권 등락 장세에서는 짧게 대응하는 단기매매가 불가피하다고 주장,,111,False,new,
221279462728,2018-05-19,29,221279462728-1,⑧기타,방법론 주장 없음,,-1,False,none,
221284704234,2018-05-26,29,221284704234-1,⑧기타,방법론 주장 없음,,-1,False,none,
221289969550,2018-06-02,29,221289969550-1,⑧기타,방법론 주장 없음,,-1,False,none,
221295197146,2018-06-09,29,221295197146-1,⑥국면대응,대형 이벤트를 앞두고는 사전 예측 매매보다 결과를 확인한 후 대응하는 방식이 중요하다고 주장,,1,False,new,
221305191729,2018-06-23,29,221305191729-1,⑥국면대응,대외 불확실성이 큰 국면에서는 상황이 개선될 때까지 짧게(단기 위주로) 매매해야 한다고 주장,,119,False,new,
221305191729,2018-06-23,29,221305191729-2,①후보선정,남북경협 관련주는 단기 이슈보다 장기적 관점으로 접근해야 한다고 주장,,125,False,new,
221309872072,2018-06-30,29,221309872072-1,⑥국면대응,무역분쟁 불확실성이 해소되지 않은 국면에서는 낙관적 기대보다 관망 태도를 유지하는 것이 낫다는 개인 입장을 표명,,102,False,new,
221314436467,2018-07-07,29,221314436467-2,③분할매수,하락장에서는 쉬어가며 템포를 조절하고 수혜 예상 업종을 조금씩 분할 매수하는 것이 유리하다고 주장,,138,False,new,
221319018283,2018-07-14,29,221319018283-1,⑧기타,방법론 주장 없음,,-1,False,none,
221323604221,2018-07-21,29,221323604221-1,⑥국면대응,지수가 전저점(지지선)을 이탈하면 비중을 축소하고 관망하는 대응전략을 취한다,,82,False,new,
221328375473,2018-07-28,29,221328375473-1,⑥국면대응,"신용잔고가 고점 대비 15% 감소하면 과거 사례(2015년 상해쇼크, 2016년 한미약품)처럼 지수가 안정을 찾는 신호로 해석한다",15%,99,False,new,
221332628485,2018-08-04,29,221332628485-1,①후보선정,코스닥 개별종목 중 바닥권에서 거래량을 터뜨리며 차트를 만든 종목은 시장 변곡 확인 후 접근하는 편이 낫다고 본다,,84,False,agree,①후보선정 — 바닥권에서 수천억~1조 원 거래대금을 터뜨리며 1·2차 시세를 낸 종목의 첫 눌림목
221336954875,2018-08-11,29,221336954875-1,⑥국면대응,예상 저항선(가야 할 자리)을 정상적으로 돌파하지 못하고 지지부진하면 결국 투매(급락)로 이어진다고 판단한다,,89,False,new,
221341327220,2018-08-18,29,221341327220-1,⑥국면대응,외국인에 이어 기관까지 순매수가 유입되는 순서로 대량 매수세가 들어오면 그 지점이 신뢰도 높은 첫 반등 자리라고 판단한다,,126,False,new,
221345749006,2018-08-25,29,221345749006-1,⑥국면대응,개인 매수 주도의 반등보다 기관·외국인 매수 주도의 반등이 더 신뢰할 수 있는 진짜 반등이라고 판단한다,,116,False,new,
221350536545,2018-09-01,29,221350536545-1,⑥국면대응,지수가 완만한 상승 흐름일 때는 눌림목(조정 구간)에서 매수하면 대체로 반등이 잘 나온다고 본다,,113,False,new,
221359559073,2018-09-15,29,221359559073-1,⑥국면대응,단기 이동평균선(5·60일선)이 밀집된 후 갭 상승이 나오면 추가 상승 여력이 있다고 판단한다,5~60,143,False,new,
221368184018,2018-09-30,29,221368184018-1,⑥국면대응,한미 기준금리 격차가 1%포인트를 넘어서면 과거 월평균 약 2.7조원의 자금이 유출된 전례가 있다고 본다,1%;2조7천억,89,False,new,
221373026491,2018-10-08,29,221373026491-1,⑥국면대응,주봉 RSI가 아직 과매도권에 도달하지 않았다면 추가 하락 가능성이 남아있다고 판단한다,,88,False,new,
221377352881,2018-10-14,29,221377352881-1,⑥국면대응,직전 상승 랠리의 출발점(시세원점)이 무너지면 원형천정형 패턴이 완성되어 장기 추세하락에 들어간다고 판단한다,,98,False,new,
221381479971,2018-10-20,29,221381479971-1,⑥국면대응,이전에 무너진 지지선은 이후 반등 시 저항선으로 작용한다고 본다(지지·저항 역할전환),,94,True,new,
221386291807,2018-10-27,29,221386291807-1,⑥국면대응,"주봉 RSI가 30 미만으로 떨어지는 것은 2008년 금융위기급 극단적 사례에서만 나온 신호이며, 이 신호가 뜨면 큰 반등이 임박한 것으로 해석한다",30,93,False,new,
221391380221,2018-11-04,29,221391380221-1,⑥국면대응,하락장에서는 실적(영업이익) 증가추세이면서 낙폭과대인 종목 위주로 포트를 구성해 단기 반등을 노리는 전략이 유효하다고 봄,,103,False,new,
221396192836,2018-11-11,29,221396192836-1,⑧기타,방법론 주장 없음,,-1,False,none,
221400868291,2018-11-18,29,221400868291-1,⑧기타,방법론 주장 없음,,-1,False,none,
221405556017,2018-11-25,29,221405556017-1,⑧기타,방법론 주장 없음,,-1,False,none,
221410206245,2018-12-01,29,221410206245-1,⑧기타,방법론 주장 없음,,-1,False,none,
221415557189,2018-12-09,29,221415557189-1,⑧기타,방법론 주장 없음,,-1,False,none,
221419750574,2018-12-15,29,221419750574-1,⑧기타,방법론 주장 없음,,-1,False,none,
221424890026,2018-12-22,29,221424890026-1,⑥국면대응,다우지수 주봉 RSI가 30 부근(30~32)까지 하락하면 대체로 급반등이 나온다는 경험칙을 제시(리먼사태는 예외),30미만;34;30~32,46,False,new,
221435715002,2019-01-06,29,221435715002-1,①후보선정,시장 상승 동력이 없는 국면에서는 이벤트(재료)가 있는 종목 위주 단기매매 전략이 유효하다고 봄,,68,False,agree,①후보선정 — 재료(뉴스·촉매)가 1차 필터
221440430480,2019-01-12,29,221440430480-1,⑧기타,방법론 주장 없음,,-1,False,none,
221446653131,2019-01-20,29,221446653131-1,⑧기타,방법론 주장 없음,,-1,False,none,
221452105452,2019-01-27,29,221452105452-1,⑧기타,방법론 주장 없음,,-1,False,none,
221461807560,2019-02-09,29,221461807560-1,①후보선정,이벤트 기대감에 미리 급등한 테마주는 회담 임박~당일 재료소멸로 하락하는 패턴이 반복된다고 지적,,63,False,agree,①후보선정 — 재료의 지속력(완료형이면 거름)
221467982503,2019-02-17,29,221467982503-1,⑧기타,방법론 주장 없음,,-1,False,none,
221473453880,2019-02-24,29,221473453880-1,⑧기타,방법론 주장 없음,,-1,False,none,
221479091115,2019-03-03,29,221479091115-1,⑧기타,방법론 주장 없음,,-1,False,none,
221484698840,2019-03-10,29,221484698840-1,⑧기타,방법론 주장 없음,,-1,False,none,
221490416011,2019-03-17,29,221490416011-1,⑧기타,방법론 주장 없음,,-1,False,none,
221496438008,2019-03-25,29,221496438008-1,⑧기타,방법론 주장 없음,,-1,False,none,
221501724822,2019-03-31,29,221501724822-1,⑧기타,방법론 주장 없음,,-1,False,none,
221508428708,2019-04-08,29,221508428708-1,⑧기타,방법론 주장 없음,,-1,False,none,
221512934610,2019-04-13,29,221512934610-1,⑧기타,방법론 주장 없음,,-1,False,none,
221519063824,2019-04-21,29,221519063824-1,⑧기타,방법론 주장 없음,,-1,False,none,
221524603222,2019-04-28,29,221524603222-1,⑧기타,방법론 주장 없음,,-1,False,none,
221530251228,2019-05-05,29,221530251228-1,⑧기타,방법론 주장 없음,,-1,False,none,
221535634199,2019-05-12,29,221535634199-1,⑥국면대응,코스피 지수의 RSI 과매도권 진입을 단기 반등 가능성의 근거로 사용,,47,False,new,
221540975508,2019-05-19,29,221540975508-1,⑧기타,방법론 주장 없음,,-1,False,none,
221546990856,2019-05-26,29,221546990856-1,⑥국면대응,RSI 과매도권 진입 시 통상 얼마 안가 기술적 반등이 나온다는 경험칙을 제시,,60,False,new,
221552516036,2019-06-02,29,221552516036-1,⑥국면대응,RSI 과매도권 이탈로 단기반등 가능성을 보면서도 다우·S&P 등 해외지수 지지선 붕괴 여부를 급락 리스크 신호로 병행 확인,,50,False,new,
221558115422,2019-06-09,29,221558115422-1,⑥국면대응,10일 이동평균선 재돌파 여부를 지수 기술적 반등 확정의 판단 기준으로 사용,10일,47,False,new,
221562708682,2019-06-15,29,221562708682-1,⑥국면대응,이동평균선들이 밀집한 구간에서는 상승파동이 나올 때까지 박스권 대응 전략을 취함,,1,False,new,
221562708682,2019-06-15,29,221562708682-2,⑥국면대응,쌍바닥 패턴이 유효하려면 직전 저점을 붕괴시키지 않아야 한다는 조건을 제시,,50,False,new,
221569088706,2019-06-24,29,221569088706-1,⑥국면대응,빅이벤트로 관망장세일 때는 지수 방향성보다 수급이 쏠리는 개별 종목에 집중하는 대응을 취함,,78,False,new,
221574575132,2019-07-01,29,221574575132-1,⑥국면대응,지수의 장기 상승 지속을 위해서는 장기 이동평균선 돌파가 전제조건이라고 봄,,56,False,new,
221579857306,2019-07-07,29,221579857306-1,①후보선정,미해결 재료(일본 수출규제)는 지속력이 있어 관련 테마가 후속 시세(2차 상승)를 낼 수 있다고 봄,,52,False,agree,§1① 후보선정 — 재료의 지속력(뉴스가 완료형이면 거르고 후속 보도 이어질 재료만 취함)
221579857306,2019-07-07,29,221579857306-2,⑥국면대응,저점 형성 후 아랫꼬리가 달린 양봉 캔들 출현을 단기 반등 신호로 해석,,57,False,new,
221585416609,2019-07-14,29,221585416609-1,⑧기타,방법론 주장 없음,,-1,False,none,
221591321812,2019-07-21,29,221591321812-1,⑥국면대응,지수가 역배열 상태일 때는 60일 또는 120일 이동평균선을 회복하기 전까지 방어적(보수적) 대응을 유지해야 한다는 국면 판단 기준을 제시,60일; 120일,70,False,new,
221598345203,2019-07-28,29,221598345203-1,⑥국면대응,장대음봉으로 저점을 확인한 뒤에 기술적 반등이 나오는 것이 정상적인 바닥 패턴이라고 봄,,71,False,new,
221598345203,2019-07-28,29,221598345203-2,⑥국면대응,전주에 이어 지수가 60일·120일 이동평균선을 회복하기 전까지는 보수적 시각을 유지한다고 재확인,60일; 120일,72,False,new,
221605304070,2019-08-04,29,221605304070-1,⑧기타,방법론 주장 없음,,-1,False,none,
221612789725,2019-08-11,29,221612789725-1,⑥국면대응,전강후약 패턴의 음봉 캔들로 반등이 나온 것을 반등 모멘텀이 약하다는 신호로 해석,,45,False,new,
221612789725,2019-08-11,29,221612789725-2,⑥국면대응,유튜브 영상에서도 언급했듯 지수가 120일 이동평균선에 안착하기 전까지는 보수적 시장관을 유지한다고 밝힘,120일,58,False,new,
221620076430,2019-08-18,29,221620076430-1,⑥국면대응,지수 저점은 보통 외바닥이 아닌 쌍바닥 형태로 형성되므로 쌍바닥 재확인 가능성을 항상 염두에 둬야 한다는 경험칙을 제시,,54,False,new,
221628207332,2019-08-25,29,221628207332-1,⑥국면대응,550포인트를 쌍바닥 지지가 성립하는 마지노선으로 설정해 이 레벨의 재지지 여부로 쌍바닥 성립을 판단,550포인트,62,False,new,
221635648071,2019-09-01,29,221635648071-1,⑥국면대응,저항선과 상승 추세선 사이에서 지수가 수렴형(쐐기형) 패턴으로 횡보할 것이라는 개인 전망을 제시,,61,False,new,
221642649004,2019-09-08,29,221642649004-1,⑥국면대응,상승 추세선이 유지되는 한 지수가 계속 상승할 것이라는 추세추종적 개인 견해를 제시,,61,False,new,
221656031139,2019-09-22,29,221656031139-1,⑧기타,방법론 주장 없음,,-1,False,none,
221663630713,2019-09-30,29,221663630713-1,⑧기타,방법론 주장 없음,,-1,False,none,
221669716009,2019-10-06,29,221669716009-1,⑧기타,방법론 주장 없음,,-1,False,none,
221676793205,2019-10-14,29,221676793205-1,⑧기타,방법론 주장 없음,,-1,False,none,
221683199246,2019-10-20,29,221683199246-1,⑥국면대응,60일 이동평균선이 주가 아래에 위치하는 상태를 지수 안정의 근거로 사용,60일,79,False,new,
221690293820,2019-10-27,29,221690293820-1,⑥국면대응,120일 이동평균선 돌파 여부를 코스닥 지수 추가 상승 가능성의 판단 기준으로 사용,120일,68,False,new,
221696592787,2019-11-03,29,221696592787-1,⑧기타,방법론 주장 없음,,-1,False,none,
221703512087,2019-11-10,29,221703512087-1,⑥국면대응,이동평균선들이 역배열에서 정배열로 전환되는 것을 깊은 조정 종료의 근거로 사용,120일,66,False,new,
221710287066,2019-11-17,29,221710287066-1,⑥국면대응,이동평균선이 밀집한 상태에서는 발산적 흐름이 나오기까지 시간이 더 필요하다고 판단,,77,False,new,
221716903844,2019-11-24,29,221716903844-1,⑧기타,방법론 주장 없음,,-1,False,none,
221723830231,2019-12-01,29,221723830231-1,⑧기타,방법론 주장 없음,,-1,False,none,
221730695520,2019-12-08,29,221730695520-1,⑥국면대응,저점 상향과 고점 상향이 동반되는 흐름을 건전한 상승 추세의 조건으로 제시,,69,False,new,
221730695520,2019-12-08,29,221730695520-2,⑥국면대응,지지·저항 공방이 반복된 가격대일수록 해당 구간의 신뢰도가 높다고 판단,,79,False,new,
221737921190,2019-12-15,29,221737921190-1,⑥국면대응,코스피 차트에서 저항선 돌파를 근거로 상승 목표치와 조정 시 되돌림 지지선을 미리 설정해 대응 전략을 세움,"2,200;2,100",76,False,new,
221745898182,2019-12-22,29,221745898182-1,⑥국면대응,코스피가 5일 이동평균선 지지 여부로 추가상승과 단기조정 여부를 가르고 10~20일 이동평균선을 조정 시 지지대로 제시,5;10;20,50,False,new,
221753018872,2019-12-29,29,221753018872-1,⑥국면대응,코스닥 이동평균선들이 밀집 후 정배열로 전환되는 것을 상승추세 전환 신호로 해석,120,56,False,new,
221760688954,2020-01-05,29,221760688954-1,⑥국면대응,특정 가격대에 거래(매물)가 쌓이면 재상승 시 그 구간이 저항으로 작용한다고 보고 보수적 대응을 권고,"2,150;2,100;2,200",45,False,new,
221768904417,2020-01-12,29,221768904417-1,⑥국면대응,급격한 단기 하락은 예정된 조정을 앞당긴 것으로 해석해 이후 지수가 상승추세 하단추세선을 따라 움직일 것으로 판단,"2,250;2,175;2,150",68,False,new,
221778626226,2020-01-20,29,221778626226-1,⑥국면대응,설 연휴 등 장기 연휴를 앞두면 차익실현 매물 출회로 조정이 발생하는 경향이 있다고 보고 대응전략에 미리 반영,,0,False,new,
221793746194,2020-02-02,29,221793746194-1,⑥국면대응,심각한 악재 발생시 지수 조정의 끝은 통상 시세가 시작된 원점(첫 상승의 지지점)까지 되돌아가는 경향이 있다는 경험칙을 제시,"2,050;2,000",52,False,new,
221802193205,2020-02-09,29,221802193205-1,⑥국면대응,코로나19 확진자 증가세 둔화라는 외부 트리거가 확인되면 코스닥이 특정 저항선까지 상승할 수 있다는 조건부 목표가를 제시,675,68,False,new,
221811649452,2020-02-16,29,221811649452-1,⑥국면대응,코스피 지지선 이탈 여부를 투매 리스크 판단 기준점으로 삼아 사전 경고,"2,300",51,False,new,
221821469305,2020-02-23,29,221821469305-1,⑥국면대응,불확실성이 높은 급락 국면에서는 보유기간을 짧게 가져가는 단기 트레이딩 전략만이 유효하다고 판단,,4,False,new,
221831802834,2020-03-01,29,221831802834-1,⑥국면대응,RSI가 20 이하로 진입해야 확실한 바닥으로 판단하며 애매한 반등에서는 매수하지 않고 과매도권 확인 후 대응,20;1900;575~550,44,False,new,
221843428720,2020-03-08,29,221843428720-1,⑥국면대응,코스닥 반등의 진위를 판단하기 위해 핵심 지지구간 방어와 저항선 돌파 매수세 등장이라는 두 조건을 동시에 요구,625;600,53,False,new,
221854890660,2020-03-15,29,221854890660-1,⑥국면대응,RSI 과매도 진입과 특정 캔들 패턴(바닥 신호 캔들)을 지수 바닥·반등 시점 판단의 보조 근거로 사용,,51,False,new,
221866786120,2020-03-22,29,221866786120-1,⑧기타,방법론 주장 없음,,-1,False,none,
221879678286,2020-03-29,29,221879678286-1,⑥국면대응,급락 이후 급등락이 심한 변동성 장에서는 오전장 위주로 매매를 마무리하고 오후장은 매매를 쉬는 것을 권장,,0,False,new,
221891973787,2020-04-05,29,221891973787-1,⑧기타,방법론 주장 없음,,-1,False,none,
221904188740,2020-04-12,29,221904188740-1,⑥국면대응,단기 이동평균선(5·10·20일선) 이탈·각도 둔화·데드크로스를 지수 추세 전환 경계 신호로 사용,5일 이동평균선;10일선;20일 이동평균선,49,False,new,
221916600826,2020-04-19,29,221916600826-1,⑧기타,방법론 주장 없음,,-1,False,none,
221930835058,2020-04-26,29,221930835058-1,⑧기타,방법론 주장 없음,,-1,False,none,
221943740735,2020-05-03,29,221943740735-1,⑧기타,방법론 주장 없음,,-1,False,none,
221955115773,2020-05-10,29,221955115773-1,⑥국면대응,급등이 나오는 종목·지수는 특징적으로 저점(지지선)을 한 번 이탈한 뒤에 급등이 시작된다는 경험칙을 시황 해석에 사용,,59,False,new,
221967296325,2020-05-17,29,221967296325-1,⑧기타,방법론 주장 없음,,-1,False,none,
222094678371,2020-09-20,29,222094678371-1,①후보선정,테슬라 배터리데이·정부 뉴딜펀드 가이드라인 등 예정된 촉매 이벤트를 미리 확인해 관련 테마주를 후보로 탐색,,1,False,agree,METHOD.md §1 ①후보선정 — 재료(뉴스·촉매)가 1차 필터
222101014852,2020-09-27,29,222101014852-1,⑥국면대응,증시는 장기적으로 우상향한다는 전제로 하락 조정 국면을 저가 매수 기회로 활용,,0,False,new,
222106410419,2020-10-04,29,222106410419-1,⑧기타,방법론 주장 없음,,-1,False,none,
222112787044,2020-10-11,29,222112787044-1,⑧기타,방법론 주장 없음,,-1,False,none,
222119055703,2020-10-18,29,222119055703-1,⑥국면대응,코스닥 지수의 20·60·120일 이동평균선이 한 곳으로 수렴하며 기울기가 둔화되면 방향성이 임박한 신호로 해석,"20,60,120일",51,False,new,
222126119104,2020-10-25,29,222126119104-1,⑧기타,방법론 주장 없음,,-1,False,none,
222132534067,2020-11-01,29,222132534067-1,①후보선정,급락 후 단기반등 국면에서 이등분선 기법을 활용해 주도주를 선별하는 방식을 함께 제시,,55,False,new,
222138747861,2020-11-08,29,222138747861-1,⑧기타,방법론 주장 없음,,-1,False,none,
222144871371,2020-11-15,29,222144871371-1,⑧기타,방법론 주장 없음,,-1,False,none,
222151260178,2020-11-22,29,222151260178-1,⑧기타,방법론 주장 없음,,-1,False,none,
222157492912,2020-11-29,29,222157492912-1,⑥국면대응,상승장에서 5일·10일 이동평균선이 붕괴되는 시점을 단기 낙폭 발생 신호로 보고 이를 저가 매수 기회로 해석,5일;10일,59,False,new,
222164645844,2020-12-06,29,222164645844-1,⑥국면대응,주봉 기준 RSI가 과열권에 진입해도 다이버전스 신호가 나타나기 전까지는 상승 추세가 더 이어진다고 판단,,59,False,new,
222172240962,2020-12-13,29,222172240962-1,⑥국면대응,강한 상승 추세에서는 추세선을 살짝 이탈해도 눌림목 매수 기회로 보고 두려워할 필요가 없다고 판단,,65,False,new,
222179658722,2020-12-20,29,222179658722-1,⑧기타,방법론 주장 없음,,-1,False,none,
222186826993,2020-12-27,29,222186826993-1,⑧기타,방법론 주장 없음,,-1,False,none,
222194872280,2021-01-03,29,222194872280-1,⑥국면대응,"월봉 RSI가 과매수권에 진입하면 변동성 확대에 대비하되, 진입 후 첫 눌림목 구간은 지수가 급락하더라도 저가 매수 기회로 활용한다",,53,False,new,
222202639133,2021-01-10,29,222202639133-1,⑥국면대응,지수 캔들이 음전환되며 아래꼬리 없이 종가가 저가와 같은 형태로 마감하는 패턴을 장중 급락 경계 신호로 참고한다,,49,False,new,
222202639133,2021-01-10,29,222202639133-2,⑥국면대응,월봉 볼린저밴드 상단 강한 돌파와 RSI 70후반~80초반 진입을 2007년·2017년 등 과거 고점 국면과 대조해 상승 여력(과열 정도)을 가늠한다,2007년;2017년;70후반;80초반;75,51,False,new,
222210263096,2021-01-17,29,222210263096-1,⑥국면대응,사상 최고 수준의 고객예탁금(유동성)이 유지되는 국면에서는 단기 급락도 유동성이 받쳐줄 것으로 보고 저가 매수 기회로 삼는다,,1,False,new,
222218248547,2021-01-24,29,222218248547-1,⑥국면대응,"지수 반등 후 첫 번째로 나오는 조정은 저가 매수 기회로 보되, 두 번째 조정부터는 신중하게 대응한다",첫번째;두번째,61,False,new,
222226345846,2021-01-31,29,222226345846-1,⑧기타,방법론 주장 없음,,-1,False,none,
222235176754,2021-02-07,29,222235176754-1,⑥국면대응,명절 연휴를 앞두고 투자자들의 현금화·자금회수 경향으로 증시가 하락할 가능성이 있다고 보고 대비한다,,0,False,new,
222243030829,2021-02-14,29,222243030829-1,⑧기타,방법론 주장 없음,,-1,False,none,
222251016321,2021-02-21,29,222251016321-1,⑥국면대응,"최근 23거래일 동안 외국인 순매수일에는 지수가 전부 상승하고 순매도일에는 대부분 하락한 상관관계를 근거로, 외국인 수급을 지수 방향의 관찰 지표로 계속 주시한다",23거래일,71,False,new,
222267182816,2021-03-07,29,222267182816-1,⑥국면대응,하락추세선 돌파 전 약세·박스권 국면에서는 보유기간을 짧게 가져가는 단기 대응(단타)을 취한다,,49,False,new,
222275082450,2021-03-14,29,222275082450-1,⑧기타,방법론 주장 없음,,-1,False,none,
222282471061,2021-03-21,29,222282471061-1,⑥국면대응,지수가 7거래일 연속 양봉을 이어가면 단기 과열로 보고 다음 주 조정 가능성에 대비한다,7거래일,56,False,new,
222290372479,2021-03-28,29,222290372479-1,⑧기타,방법론 주장 없음,,-1,False,none,
222333917696,2021-05-02,29,222333917696-1,⑥국면대응,상승 추세선의 붕괴 여부를 지수 급락 위험 판단의 기준으로 사용,3100포인트,49,False,new,
222333917696,2021-05-02,29,222333917696-2,⑥국면대응,60일 이동평균선을 코스닥 지수의 반등 지지선으로 판단,60일,52,False,new,
222333917696,2021-05-02,29,222333917696-3,⑥국면대응,RSI 과열 신호가 뜬 상승 구간을 추세 전환이 아닌 단순 조정으로 해석,,53,False,new,
222344982331,2021-05-10,29,222344982331-1,⑧기타,방법론 주장 없음,,-1,False,none,
222353258969,2021-05-16,29,222353258969-1,⑥국면대응,"박스권 장세에서는 추세·박스 하단 매수, 상단 매도의 역추세 대응 전략을 제시",,59,False,new,
222363036947,2021-05-23,29,222363036947-1,⑥국면대응,20일 이동평균선의 기울기가 하락 전환하는 것을 단기 경계 신호로 사용,20일,49,False,new,
222387142841,2021-06-06,29,222387142841-1,⑧기타,방법론 주장 없음,,-1,False,none,
222396234094,2021-06-13,29,222396234094-1,⑥국면대응,차트를 거꾸로 뒤집어 보는 방식으로 이동평균선의 저항 여부를 재확인하는 보조 기법을 사용,,55,False,new,
222404174213,2021-06-20,29,222404174213-1,⑥국면대응,월봉 차트에서 5개월 이동평균선(월봉) 위 양봉 지속 여부를 상승추세 지속의 판단 근거로 사용,5월봉,61,False,new,
222404174213,2021-06-20,29,222404174213-2,⑥국면대응,과거 거래가 없었던 매물 공백 구간에서는 저항 없이 상승이 쉽다고 판단,,63,False,new,
222412244508,2021-06-27,29,222412244508-1,⑥국면대응,RSI가 아직 과열 신호를 보이지 않는 것을 상승 추세가 더 지속될 수 있다는 근거로 사용,,67,False,new,
222419910728,2021-07-04,29,222419910728-1,⑥국면대응,단기 이동평균선(5일선) 위에서 장기간 상승이 이어지면 차익실현 매도 출회 위험을 경계,5일선,56,False,new,
222427624623,2021-07-11,29,222427624623-1,⑧기타,방법론 주장 없음,,-1,False,none,
222436041481,2021-07-18,29,222436041481-1,⑧기타,방법론 주장 없음,,-1,False,none,
222444802333,2021-07-25,29,222444802333-1,⑥국면대응,이동평균선과 하락추세선이 겹치는 구간을 복합 저항으로 보고 두 저항을 모두 넘어야 안전하다고 판단,20일,53,False,new,
222453371342,2021-08-01,29,222453371342-1,⑥국면대응,단기 추세선 붕괴와 20일 이동평균선 각도 하락을 함께 확인해 지수 단기 급락의 전조 신호로 판단,20일,49,False,new,
222453371342,2021-08-01,29,222453371342-2,⑥국면대응,추세선과 20일 이동평균선을 동시에 이탈하면 직전 지지점 또는 60일 이동평균선에서의 반등 여부로 대응 전략을 판단,20일;60일,51,False,new,
222461737104,2021-08-08,29,222461737104-1,⑥국면대응,상승 추세선이 붕괴돼도 60일 이동평균선 또는 직전 저점 위에서 반등에 성공하면 지지력이 유효한 것으로 판단,60일,72,False,new,
222472020519,2021-08-16,29,222472020519-1,⑥국면대응,지지선 이탈과 20일 이동평균선의 하방 전환이 겹치면 기술적 반등과 재하락이 반복될 수 있다고 판단,20일,50,False,new,
222480152645,2021-08-22,29,222480152645-1,⑥국면대응,지지선이 무너지면 RSI 과매도 신호로 대응 기준을 전환해 단기 낙폭에 대한 기술적 반등 구간을 해석,,62,False,new,
222480152645,2021-08-22,29,222480152645-2,⑥국면대응,이동평균선이 역배열로 전환되는 초기 국면을 장기간 조심해야 할 하락 리스크 신호로 해석,,63,False,new,
222488171517,2021-08-29,29,222488171517-1,⑥국면대응,코스닥 지수의 20일 이동평균선 돌파 여부를 낙관적 대응과 보수적 대응을 가르는 분기 기준으로 삼음,20일,69,False,new,
222495737370,2021-09-05,29,222495737370-1,⑥국면대응,20일선과 60일 이동평균선이 겹치는 구간을 지지선으로 판단,"20,60일;1,030포인트",58,False,new,
222503344355,2021-09-12,29,222503344355-1,⑥국면대응,저자의 경험상 긴 연휴 직전에는 증시가 대체로 약세를 보이는 계절성 패턴이 있다고 인식,,74,False,new,
222517363214,2021-09-26,29,222517363214-1,⑥국면대응,지지선 이탈 시 전저점에서의 지지 여부를 확인하고 지지선 회복 전까지 박스권 대응을 유지,,65,False,new,
222525216610,2021-10-03,29,222525216610-1,⑥국면대응,"하락추세가 상승추세로 전환되려면 20일과 60일 이동평균선을 모두 돌파해야 한다고 보고, 그 전까지는 낙폭과대 반등만 노리는 단타 전략을 취함",20일;60일,61,False,new,
222532846354,2021-10-10,29,222532846354-1,⑥국면대응,RSI 과매도권 진입을 급락 이후 저점매수 기회로 판단,,60,False,new,
222532846354,2021-10-10,29,222532846354-2,⑥국면대응,변동성이 크고 예측이 어려운 장세에서는 트레이딩 비중을 축소하는 대응이 낫다고 판단,,68,False,new,
222539558257,2021-10-17,29,222539558257-1,⑥국면대응,20일 이동평균선 탈환 이후 추가 반등이 이어지면 하락추세에서 상승추세로 회복한 것으로 판단하는 기준을 제시,20일,55,False,new,
222546600549,2021-10-24,29,222546600549-1,⑥국면대응,"코스피가 저항대 3,050~3,100포인트를 돌파해야 하락추세대를 벗어난 것으로 보고, 그 전까지는 전저점 2,900포인트 부근을 지지선으로 판단","3,050~3,100포인트;2,900포인트;2950 포인트",72,False,new,
222554314340,2021-10-31,29,222554314340-1,⑥국면대응,단일 저점(V자 반등)보다 쌍바닥·쓰리바닥 형태로 저점을 확인한 뒤 회복하는 편을 더 신뢰할 만한 바닥 패턴으로 봄,,66,False,new,
222560998633,2021-11-07,29,222560998633-1,⑥국면대응,"반복되는 갭하락을 전형적인 하락-조정장 패턴으로 해석하고, 직전 저점(2,900포인트)이 붕괴되면 즉시 관망(매매 보류)으로 전환한다는 대응원칙을 제시",2900~2950포인트;2900포인트,62,False,new,
222567765951,2021-11-14,29,222567765951-1,⑥국면대응,추세선 외에 특정 가격대(코스닥 980포인트)에 수평선을 그어두고 그 지점에서의 반등 여부를 지지력 확인 기준으로 삼음,980포인트;1025포인트,66,False,new,
222574673150,2021-11-21,29,222574673150-1,⑥국면대응,하락추세선 돌파만으로는 부족하고 20일 이동평균선까지 확실히 장악(안착)해야 비로소 추세 전환을 안심할 수 있다고 봄,20일,59,False,new,
222580873266,2021-11-28,29,222580873266-1,⑥국면대응,추세 회복이 불확실한 관망 국면에서는 단순 대기보다 단기 낙폭(급락) 구간을 저가매수 기회로 노리는 전략으로 대응한다고 밝힘,,57,False,new,
222587343052,2021-12-05,29,222587343052-1,⑥국면대응,"하락추세선 또는 장기 이동평균선(60일선) 돌파를 지수의 상승 전환 신호로 삼되, 반등은 짧고 하락은 긴 비대칭 국면에서는 보수적으로 대응",60일선,62,False,new,
222593404522,2021-12-12,29,222593404522-1,⑥국면대응,"20일선과 60일선을 동시에 안착(돌파 후 지지)하는 것을 긍정적 전환 신호로 판단하고, 저점을 높여가는 상승추세선을 그어 향후 방향을 가늠",20일선;60일선,53,False,new,
222599255288,2021-12-19,29,222599255288-1,⑥국면대응,"저점은 상승하고 고점은 하락하는 수렴형(삼각형) 추세대를 방향성 미결정 구간으로 규정하고, 상단 추세선 돌파 전까지는 관망한다고 봄",,48,False,new,
222604879561,2021-12-26,29,222604879561-1,⑥국면대응,"박스권 상단 저항 돌파를 앞둔 국면에서, 돌파 실패 시에는 실망매물이 나오며 급락으로 이어질 수 있다는 리스크 시나리오를 제시",,50,False,new,
222610985720,2022-01-02,29,222610985720-1,⑥국면대응,이동평균선이 밀집해 방향성 결정이 임박한 국면에서도 저항선 돌파를 확인하기 전까지는 상승 시세를 기대하지 않고 좁은 박스권 대응을 유지,,49,False,new,
222617229532,2022-01-09,29,222617229532-1,⑧기타,방법론 주장 없음,,-1,False,none,
222623200452,2022-01-16,29,222623200452-1,⑧기타,방법론 주장 없음,,-1,False,none,
222629126008,2022-01-23,29,222629126008-1,⑧기타,방법론 주장 없음,,-1,False,none,
222640275329,2022-02-06,29,222640275329-1,⑧기타,방법론 주장 없음,,-1,False,none,
222646319647,2022-02-13,29,222646319647-1,⑧기타,방법론 주장 없음,,-1,False,none,
222652637259,2022-02-20,29,222652637259-1,⑧기타,방법론 주장 없음,,-1,False,none,
222659272351,2022-02-27,29,222659272351-1,⑥국면대응,"코스피 2,400~2,600포인트 구간을 저가매수 기회로 보고 악재에 사고 호재에 파는 역발상 전략을 제시함",2600포인트 ~ 2400포인트,0,False,new,
222665195048,2022-03-06,29,222665195048-1,⑧기타,방법론 주장 없음,,-1,False,none,
222671511495,2022-03-13,29,222671511495-1,⑧기타,방법론 주장 없음,,-1,False,none,
222678007647,2022-03-20,29,222678007647-1,⑧기타,방법론 주장 없음,,-1,False,none,
222684203463,2022-03-27,29,222684203463-1,⑧기타,방법론 주장 없음,,-1,False,none,
222690451458,2022-04-03,29,222690451458-1,⑥국면대응,"코스피 지수가 60일 이동평균선을 돌파하면 상승 여력(2800선)이 열리고, 조정 시 20일 이동평균선(2700선) 지지 여부를 확인해야 한다고 판단",60일;2800;20일;2700,45,False,new,
222696604079,2022-04-10,29,222696604079-1,⑧기타,방법론 주장 없음,,-1,False,none,
222703377658,2022-04-17,29,222703377658-1,⑥국면대응,20일선과 60일선의 골든크로스 발생 여부를 지수의 추세적 상승 전환 신호로 본다,20일;60일,50,False,new,
222709795140,2022-04-24,29,222709795140-1,⑥국면대응,박스권 장세는 여러 이동평균선이 밀집(수렴)된 후 우상향 전환이 나와야 종료된다고 판단,,48,False,new,
222717304218,2022-05-01,29,222717304218-1,⑧기타,방법론 주장 없음,,-1,False,none,
222724861993,2022-05-08,29,222724861993-1,⑧기타,방법론 주장 없음,,-1,False,none,
222741971250,2022-05-22,29,222741971250-1,⑥국면대응,20일 이동평균선 부근에서 쌍바닥 패턴이 형성되면 이후 반등 흐름이 강해질 가능성이 높다고 판단,20일,47,False,new,
223831878642,2025-04-13,29,223831878642-1,⑥국면대응,RSI 보조지표가 과매도 구간에 진입하는 것을 기술적 반등의 신호로 해석,RSI,7,False,new,
223898337641,2025-06-13,29,223898337641-1,⑤데이터기반,"급등주는 대체로 상승 랠리가 짧으면 15~20거래일, 길어도 2~3개월 내에 마무리되고 이후 조정에 들어간다는 경험적 패턴을 실제 사례(에넥스 36일 상승/30일 조정, 그래디언트 24→43→32일)로 제시",15일~20일;2~3개월;36거래일;30거래일;24거래일;43거래일;32거래일,113,False,new,
223898337641,2025-06-13,29,223898337641-2,⑤데이터기반,"과거 저서(1,000여건 데이터)보다 훨씬 큰 규모로 상승폭·하락폭·반등폭을 수치화해 통계를 축적 중이라고 서술","1,000건 이상",183,False,agree,"§2 데이터 기반 — 상승폭·하락폭·반등폭 3종 세트 통계(13,503건)"
223898337641,2025-06-13,29,223898337641-3,⑥국면대응,지수·종목이 급등하는 시기에도 조급하게 추격매수하지 않고 충분한 눌림목이 나올 때까지 기다리는 원칙을 강조,,167,False,new,
224230350920,2026-03-26,29,224230350920-1,①후보선정,"거래대금과 시가총액 기준으로 테마 내 후보군을 압축하며, 시총 1조원을 넘는 대형주가 없는 소형주 위주 테마에 관심을 둔다고 서술",1조원,6,False,agree,"§1① 후보선정 — 시가총액·거래대금 필터, 시총 5조 이상 대형주는 부적합"
224230350920,2026-03-26,29,224230350920-2,①후보선정,테마주는 재료의 내용에 따라 통상 1~3개월간 시세가 유지되는 경향이 있다고 정량화,1~3개월,18,False,agree,§1① 후보선정 — 재료의 지속력을 본다
224230350920,2026-03-26,29,224230350920-3,③분할매수,뉴스 재료로 변동성이 큰 테마종목은 넉넉한 가격대에 걸쳐 분할매수하는 방식으로 대응한다고 서술,,40,False,new,
224230350920,2026-03-26,29,224230350920-4,⑥국면대응,"변동성이 큰 테마종목은 단기 박스권을 설정해 음봉에 매수, 양봉에 매도하는 대안 전략을 제시",,40,False,new,
224231592865,2026-03-27,29,224231592865-1,①후보선정,시가총액 대비 거래대금이 유의미하게 터진 종목만 추려 확실한 타점을 노릴 후보로 압축한다고 서술,,23,False,agree,§1① 후보선정 — 거래대금÷시총 비율
224231592865,2026-03-27,29,224231592865-2,①후보선정,"실적이 부실하거나 오버행 물량 이슈가 있는 종목, 기술적 반등 없이 흘러내리기만 하는 종목은 1순위로 배제해야 한다는 필터를 제시",,27,False,new,
224231592865,2026-03-27,29,224231592865-3,①후보선정,대기업 투자나 정부 지원 같은 재료는 산업적 파급력이 커서 통상 3개월 이상 시세가 유지되는 경우가 많다고 서술,3개월 이상,49,False,agree,§1① 후보선정 — 재료의 지속력을 본다
224231592865,2026-03-27,29,224231592865-4,④분할매도,상한가 이후 형성된 눌림목에서 매수해 저점 대비 반등 구간에서 수익을 실현한 실제 매매 사례를 제시,,53,False,agree,§4 분할매도 — 저점 대비 반등폭 구간에서 매도
224235686601,2026-03-31,29,224235686601-1,①후보선정,재료가 산업 전반의 구조적 변화를 일으킬 만한지를 후보 선정의 판단 기준으로 삼는다고 서술,,22,False,agree,§1① 후보선정 — 재료의 지속력을 본다
224235686601,2026-03-31,29,224235686601-2,③분할매수,첫 눌림목을 보수적으로 대응하다 놓쳤더라도 재료의 파급력·지속력 확신이 커지면 다음 눌림목에서 재진입한다는 대응 방식을 사례로 제시,,34,False,new,
224237085662,2026-04-01,29,224237085662-1,④분할매도,"재료성 이벤트가 다가올수록 변동성이 커지며, 이벤트 종료 당일 또는 종료 1~2주 전부터 재료소멸성 매도(셀온)가 나올 수 있다고 경계",1~2주,31,False,new,
224237085662,2026-04-01,29,224237085662-2,①후보선정,시장이 약세일 때도 대장주는 짧은 조정 이후 다시 신고가를 경신하는 경우가 많다고 관찰,,38,False,agree,§1① 후보선정 — 대장주 우선
224242791067,2026-04-06,29,224242791067-1,①후보선정,우크라이나 재건주와 달리 중동 재건주는 검증된 대형 수주 실적을 가진 대기업 위주로 형성돼 시가총액이 큰 종목이 많다는 테마별 구조적 차이를 구분,,29,False,new,
224245264467,2026-04-08,29,224245264467-1,①후보선정,동일 테마 내에서 상승폭(등락률)이 가장 큰 종목을 대장주로 식별하는 기준을 제시,,33,False,agree,§1① 후보선정 — 대장주 우선
224253172806,2026-04-15,29,224253172806-1,①후보선정,테마가 반짝 소멸할지는 후속 뉴스플로우와 시총 대비 거래대금 유입 규모를 함께 따져 판단해야 한다고 서술,,30,False,agree,§1① 후보선정 — 재료의 지속력 + 거래대금÷시총 비율
