log_no,post_date,category,item_no,stock_name,techniques,n_technique,gain_pcts,loss_pcts,n_gain,n_loss,result_kind
220236810704,2015-01-11,1,1,제일모직,수급주 상승 베팅,1,16.83,,1,0,gain
220236810704,2015-01-11,1,2,조광페인트,수급평단 박스권 베팅,1,4.27;4.74,,2,0,gain
220236810704,2015-01-11,1,3,인바디,수급평단 박스권 베팅,1,3.57;4.92,,2,0,gain
220236810704,2015-01-11,1,4,케이사인,수급평단 박스베팅,1,,0.83,0,1,loss
220236810704,2015-01-11,1,5,NHN엔터테인먼트,수급평단 박스베팅,1,,2.24;0.42,0,2,loss
220236810704,2015-01-11,1,6,KG이니시스,수급평단 박스베팅,1,5.2,,1,0,gain
220244076471,2015-01-18,1,1,제닉,수급평단 박스권 배팅,1,8.17,,1,0,gain
220251693060,2015-01-25,1,1,OCI머티리얼즈,수급평단 박스권 배팅,1,4;4.65,,2,0,gain
220251693060,2015-01-25,1,2,이오테크닉스,수급평단 박스권 배팅,1,,2.13;4.81,0,2,loss
220251693060,2015-01-25,1,3,조광페인트,"수급평단 박스권 배팅 / 6.89%, 7.74%",2,,,0,0,none
220251693060,2015-01-25,1,4,CJ&CGV,"수급평단 박스권 배팅 / -6.97, -4.99%",2,,,0,0,none
220251693060,2015-01-25,1,5,가온미디어,수급평단 박스권 배팅,1,4.39,,1,0,gain
220251693060,2015-01-25,1,6,서원인텍,수급평단 박스권 배팅,1,4.67;3.86;5.42;5.92,,4,0,gain
220251693060,2015-01-25,1,7,LG생명과학,수급평단 박스권 배팅,1,5.64,,1,0,gain
220257945878,2015-01-30,1,1,더존비즈온,수급평단 박스권 베팅,1,7.1,,1,0,gain
220257945878,2015-01-30,1,2,넥센타이어,"수급평단 박스권 베팅 / 2.79%, 2.81%, 3.47%, 7.02%",2,,,0,0,none
220257945878,2015-01-30,1,3,제닉,수급평단박스권 베팅,1,4.74,,1,0,gain
220266501448,2015-02-08,1,1,리홈쿠첸,추세돌파 - 수급평단 박스권 베팅,1,,2.1,0,1,loss
220266501448,2015-02-08,1,2,위메이드,추세돌파 - 수급평단 박스권 베팅,1,,0.14,0,1,loss
220266501448,2015-02-08,1,3,LG생명과학,추세돌파 - 수급평단 박스권 베팅 / 손실,2,0.17;3.5;3.61,,3,0,gain
220266501448,2015-02-08,1,4,한국항공우주,신고돌파 - 수급평단 박스베팅,1,3.93,,1,0,gain
220266501448,2015-02-08,1,5,LG상사,전고돌파 - 수급평단 박스권 베팅,1,3.13;4.19;5.14,,3,0,gain
220266501448,2015-02-08,1,6,메리츠종금증권,추세돌파 - 수급평단 박스권 베팅,1,69,,1,0,gain
220266501448,2015-02-08,1,7,넥센타이어,추세돌파 - 수급평단박스권베팅,1,1.62,,1,0,gain
220266501448,2015-02-08,1,8,하나투어,신고돌파 - 수급평단 박스권 베팅,1,3.22,,1,0,gain
220273943082,2015-02-15,1,1,하나투어,신고돌파 - 수급평단 박스권 베팅,1,3.8,,1,0,gain
220273943082,2015-02-15,1,2,한국항공우주,신고돌파 - 수급평단 박스권 베팅,1,,,0,0,none
220273943082,2015-02-15,1,3,현대백화점,추세돌파 - 수급평단 박스권 배팅,1,2.25,,1,0,gain
220287302319,2015-03-01,1,1,넥센타이어,추세돌파 - 수급평단박스권 베팅,1,,3.63,0,1,loss
220287302319,2015-03-01,1,2,LG상사,전고돌파 - 수급평단 박스권 베팅,1,,1.54,0,1,loss
220287302319,2015-03-01,1,3,제닉,추세돌파 - 수급평단 박스권 베팅,1,6;83;5.07,,3,0,gain
220287302319,2015-03-01,1,4,대한유화,전고돌파 - 수급평단 박스권 베팅,1,3.62,,1,0,gain
220293804929,2015-03-08,1,1,하나투어,신고돌파 - 수급평단박스권 베팅,1,,1.49;2.61,0,2,loss
220293804929,2015-03-08,1,2,GS건설,추세돌파 - 수급평단박스권 베팅,1,3.09;3.25;3.42,,3,0,gain
220293804929,2015-03-08,1,3,CJ E&M,추세돌파 - 수급평단박스권 베팅,1,,4.11,0,1,loss
220293804929,2015-03-08,1,4,KTH,신고돌파 - 수급평단박스권 베팅,1,3.03;3.07;3.41,,3,0,gain
220293804929,2015-03-08,1,5,대한유화,신고돌파 - 수급평단박스권 베팅,1,4.61;5.07;5.97;6.46,,4,0,gain
220300164112,2015-03-14,1,1,파트론,추세돌파 - 수급평단 박스권 베팅,1,3.51;4.22,4;2.84;5.32,2,3,mixed
220300164112,2015-03-14,1,2,KTH,신고돌파 - 수급평단 박스권 베팅,1,2.3;5.68;6.84;7.63,,4,0,gain
220300164112,2015-03-14,1,3,대한유화,신고돌파 - 수급평단 박스권 베팅,1,6.4,,1,0,gain
220307635000,2015-03-22,1,1,하나투어,신고돌파 - 돌파눌림 + 수급평단 박스권베팅,1,0.26;3.04;4.01,3.05,3,1,mixed
220307635000,2015-03-22,1,2,대한유화,신고돌파 - 수급평단 박스권 베팅,1,4.25,,1,0,gain
220307635000,2015-03-22,1,3,루트로닉,신고돌파 - 수급평단 박스권 베팅,1,3.91;7.04,4.6;4.27,2,2,mixed
220307635000,2015-03-22,1,4,다원시스,신고돌파 - 수급평단 박스권 베팅,1,0.73;4.75,,2,0,gain
220307635000,2015-03-22,1,5,동화기업,전고돌파(신고) - 수급평단 박스권 베팅,1,3.49;4.66,,2,0,gain
220307635000,2015-03-22,1,6,동아쏘시오홀딩스,전고돌파(신고) - 수급평단 박스권 베팅,1,3.39;4.93,,2,0,gain
220314408436,2015-03-29,1,1,동화기업,전고돌파(신고) - 수급평단 박스권 베팅,1,3.13;4.8;5.72;6.13,,4,0,gain
220314408436,2015-03-29,1,2,아미코젠,전고돌파 - 수급평단 박스권 베팅,1,0.54;2.24;4.72,,3,0,gain
220314408436,2015-03-29,1,3,동화쏘시오홀딩스,전고돌파(신고) - 수급평단 박스권 베팅,1,0.52;6.21;6.52;7.16;7.48,,5,0,gain
220321532768,2015-04-05,1,1,동화기업,전고돌파(신고) - 수급평단 박스권 베팅,1,5.15;6.12;6.26,,3,0,gain
220321532768,2015-04-05,1,2,메리츠종금증권,신고돌파 - 수급평단 박스권 베팅,1,5.95;5.56;6.19;7.15,,4,0,gain
220321532768,2015-04-05,1,3,에스맥,추세돌파 - 수급평단 박스권 베팅,1,,2.84,0,1,loss
220321532768,2015-04-05,1,4,한진칼,신고돌파 - 수급평단 박스권 베팅,1,4.75,,1,0,gain
220321532768,2015-04-05,1,5,NH투자증권,전고돌파 - 수급평단 박스권 베팅,1,7.35,,1,0,gain
220328657997,2015-04-12,1,1,다우기술,전고돌파 - 수급평단 박스권 베팅,1,3.69;4.23;4.77;6.93,,4,0,gain
220328657997,2015-04-12,1,2,테크윙,추세돌파 - 수급평단 박스권 베팅,1,3.43;4.84;5.32;6.29,,4,0,gain
220328657997,2015-04-12,1,3,BGF리테일,신고돌파 - 수급평단 박스권 베팅,1,4.33;5.49;4.3;4.31,,4,0,gain
220328657997,2015-04-12,1,4,동화기업,전고돌파(신고) - 수급평단 박스권 베팅,1,4.07;4.18;5.19,,3,0,gain
220328657997,2015-04-12,1,5,하나투어,신고돌파 - 수급평단 박스권 베팅,1,2.93;3.32,,2,0,gain
220328657997,2015-04-12,1,6,S-OIL,전고돌파 - 수급평단 박스권 베팅,1,1.6,,1,0,gain
220335143286,2015-04-19,1,1,하나투어,신고돌파 - 수급평단 박스권 베팅,1,3.31;4.13,,2,0,gain
220335143286,2015-04-19,1,2,현대EP,신고(전고)돌파 - 수급평단 박스권 베팅,1,1.85;2.34,,2,0,gain
220335143286,2015-04-19,1,3,한진칼,신고(전고)돌파 - 수급평단 박스권베팅,1,,1.15;2.89,0,2,loss
220335143286,2015-04-19,1,4,BGF리테일,신고돌파-수급평단 박스권 베팅,1,0.06;1.18;2.13;2.34;3.33;4.14;5.32,1.81,7,1,mixed
220335143286,2015-04-19,1,5,다우기술,전고돌파 - 수급평단 박스권 베팅,1,4.69,,1,0,gain
220335143286,2015-04-19,1,6,대림산업,추세돌파 - 수급평단 박스권 베팅,1,2.31;2.85;3.1;3.5;3.77,,5,0,gain
220340896550,2015-04-25,1,1,유한양행,신고돌파 - 수급평단 박스권 베팅,1,3.2;3.24;3.38;4.27;6.59;6.76;7.26,,7,0,gain
220340896550,2015-04-25,1,2,BGF리테일,신고돌파 - 수급평단 박스권 베팅,1,,4.23;4.62,0,2,loss
220340896550,2015-04-25,1,3,CJ,신고돌파 - 수급평단 박스권 베팅,1,,2.59,0,1,loss
220348694647,2015-05-03,1,1,일진디스플,추세돌파 - 수급평단 박스권 베팅,1,2.97;3.48;4;5.02;6.02;7,,6,0,gain
220348694647,2015-05-03,1,2,유한양행,신고돌파 - 수급평단 박스권 베팅,1,3.23,,1,0,gain
220348694647,2015-05-03,1,3,미디어플렉스,전고(신고)돌파 - 수급평단 박스권 베팅,1,2.17,,1,0,gain
220348694647,2015-05-03,1,4,테크윙,추세돌파 - 수급평단 박스권 베팅,1,,6.59;8.42;3.02;1.65;0.72,0,5,loss
220348694647,2015-05-03,1,5,GS리테일,박스권 스켈핑,1,0.7;0.35;0.49;1.53,,4,0,gain
220354444955,2015-05-09,1,1,유한양행,신고돌파 - 수급평단 박스권 베팅,1,5.23;5.68;6.13,,3,0,gain
220354444955,2015-05-09,1,2,미디어플렉스,전고돌파 - 수급평단 박스권 베팅,1,2.32;3.38;4.19;5.01,1;2.27,4,2,mixed
220354444955,2015-05-09,1,3,사람인에이치알,추세돌파 - 수급평단 박스권 베팅,1,0.92;4.14;4.49,,3,0,gain
220354444955,2015-05-09,1,4,테스,신고돌파 - 수급평단 박스권 베팅,1,3.17;3.2;3.94;5.47;6.25,,5,0,gain
220354444955,2015-05-09,1,5,CJ CGV,신고돌파 - 수급평단 박스권 베팅,1,2.91;4.07;5.23;5.62,0.14;0.39,4,2,mixed
220361288762,2015-05-16,1,1,CJ CGV,신고돌파 - 수급평단 박스권 베팅,1,9.71,,1,0,gain
220361288762,2015-05-16,1,2,테스,신고돌파 - 수급평단 박스권 베팅,1,3.09;3.13;5.02;5.8;6.08;6.59;6.82,,7,0,gain
220361288762,2015-05-16,1,3,엠씨넥스,신고돌파 - 수급평단 박스권 베팅,1,4.35;4.75;5.02;5.17;5.1;6.28,,6,0,gain
220361288762,2015-05-16,1,4,신세계푸드,신고돌파 - 수급평단 박스권 베팅,1,2.1;2.4;3.61,,3,0,gain
220361288762,2015-05-16,1,5,디엔에프,신고돌파 - 수급평단 박스권 베팅,1,3.11;3.33,,2,0,gain
220368175897,2015-05-23,1,1,디엔에프,신고돌파 - 수급평단 박스권 베팅,1,4.05;4.46;4.66;5.73;6.57,,5,0,gain
220368175897,2015-05-23,1,2,사람인에이치알,추세돌파 - 수급평단 박스권 베팅,1,3.69;3.81;6.85;7.43;8.03;8.32,,6,0,gain
220374184024,2015-05-29,1,1,미디어플렉스,신고돌파 - 수급평단 박스권 베팅,1,4.08;4.1;4.22;5.26;5.3,,5,0,gain
220374184024,2015-05-29,1,2,현대그린푸드,신고(전고)돌파 - 수급평단 박스권 베팅,1,,4.3;4.68;4.56;5.02,0,4,loss
220374184024,2015-05-29,1,3,삼성에스디에스,추세돌파 - 수급평단 박스권 베팅,1,3.26;3.42,0.94,2,1,mixed
220374184024,2015-05-29,1,4,대원제약,신고돌파 - 수급 평단 박스권 베팅,1,0.58;2.41,1.68;1,2,2,mixed
220382511044,2015-06-07,1,1,이엔에프테크놀로지,신고돌파 - 수급평단 박스권베팅,1,3.31;4.09;5.4;7.76;7.79;7.27;8.57,,7,0,gain
220382511044,2015-06-07,1,2,씨젠,추세돌파 - 수급평단 박스권 베팅,1,3.89;4,,2,0,gain
220382511044,2015-06-07,1,3,삼성에스디에스,추세돌파 - 수급평단 박스권 베팅,1,,3.54,0,1,loss
220389799697,2015-06-14,1,1,이엔에프테크놀러지,신고돌파 - 수급평단 박스권 베팅,1,3.07;3.85;4.11;5.43;6.21;8.81,,6,0,gain
220389799697,2015-06-14,1,2,OCI머티리얼즈,신고돌파 - 수급평단 박스권 배팅,1,2.29;5.56;5.61;6.04;6.21;6.54,,6,0,gain
220389799697,2015-06-14,1,3,한샘,신고돌파 - 수급평단 박스권 베팅,1,3.55;4.17;4.58,,3,0,gain
220389799697,2015-06-14,1,4,뷰웍스,추세돌파(전고) - 수급평단 박스권 베팅,1,3.9;4.17;4.31;4.34,,4,0,gain
220389799697,2015-06-14,1,5,오로라,신고돌파 - 수급평단 박스권 베팅,1,0.02;1.01,2.29;3.58,2,2,mixed
220395977889,2015-06-20,1,1,바이오랜드,신고돌파 - 수급평단 박스권 베팅,1,4.66;4.53;5.85;6.24;7.84,,5,0,gain
220395977889,2015-06-20,1,2,OCI머티리얼즈,신고돌파 - 수급평단 박스권 베팅,1,3.2;3.2;3.27;3.27,,4,0,gain
220395977889,2015-06-20,1,3,블루콤,추세돌파(전고돌파) - 수급평단 박스권 베팅,1,3.07,,1,0,gain
220395977889,2015-06-20,1,4,씨젠,전고돌파 - 수급평단 박스권 베팅,1,,0.74;3.98,0,2,loss
220402788550,2015-06-27,1,1,블루콤,추세돌파(전고돌파) - 수급평단 박스권 베팅,1,6.16,,1,0,gain
220402788550,2015-06-27,1,2,바이오랜드,신고돌파 - 수급평단 박스권 베팅,1,4.66;4.8;5.18;5.31;5.44;6.62,,6,0,gain
220402788550,2015-06-27,1,3,이지바이오,추세돌파 - 수급평단 박스권 베팅,1,2.99;3.03;3.08;3.22;4.74;5.06,,6,0,gain
220402788550,2015-06-27,1,4,한샘,신고돌파 - 수급평단 박스권 베팅,1,,1.99;4.79,0,2,loss
220402788550,2015-06-27,1,5,대한유화,신고돌파 - 수급평단 박스권 베팅,1,,3.19,0,1,loss
220402788550,2015-06-27,1,6,다우데이터,신고돌파 - 수급평단 박스권 베팅,1,4.08;4.56;4.58;5.06;5.09,,5,0,gain
220411131427,2015-07-05,1,1,다우데이터,신고돌파 - 수급평단 박스권 베팅,1,2.4;3.17,,2,0,gain
220411131427,2015-07-05,1,2,메디포스트,신고돌파 - 수급평단 박스권 베팅,1,3.56;4.07;4.25;4.83,,4,0,gain
220411131427,2015-07-05,1,3,유비쿼스,신고돌파 - 수급평단 박스권 베팅,1,1.4;1.7;2.15;2.45,2.64;2.65;2.93,4,3,mixed
220411131427,2015-07-05,1,4,이지바이오,추세돌파 - 수급평단 박스권 베팅,1,2.87;5.74,,2,0,gain
220411131427,2015-07-05,1,5,락앤락,전고(추세)돌파 - 수급평단 박스권 베팅,1,2.42,,1,0,gain
220411131427,2015-07-05,1,6,GS리테일,신고돌파 - 수급평단 박스권 베팅,1,3.97,,1,0,gain
220411131427,2015-07-05,1,7,다원시스,신고돌파 - 수급평단 박스권 베팅,1,4.52;4.92;5.62,,3,0,gain
220417024030,2015-07-11,1,1,락앤락,추세돌파 - 수급평단 박스권 베팅,1,3.89;4.58;6.97;7.76,,4,0,gain
220417024030,2015-07-11,1,2,다원시스,신고돌파 - 수급평단 박스권 베팅,1,3.23;5.74;6.15;6.84,,4,0,gain
220417024030,2015-07-11,1,3,위메이드,순환매,1,5.48,,1,0,gain
220417024030,2015-07-11,1,4,삼성테크윈,추세돌파 - 수급평단 박스권 베팅,1,5.1;5.92,,2,0,gain
220423446537,2015-07-17,1,1,GS리테일,신고돌파 - 수급평단 박스권 베팅,1,0.79;2.47;2.27,,3,0,gain
220423446537,2015-07-17,1,2,쌍용양회,신고돌파 - 수급평단 박스권 베팅,1,3.13;4.12;5.86,,3,0,gain
220423446537,2015-07-17,1,3,티케이케미칼,신고(전고)돌파 - 수급평단 박스권 베팅,1,3.11;4.93;5.09,,3,0,gain
220423446537,2015-07-17,1,4,더존비즈온,전고돌파 - 수급평단 박스권 베팅,1,,12.14;11.24;7.07;6.91;2.84;2.55,0,6,loss
220423446537,2015-07-17,1,5,다음카카오,추세돌파 - 수급평단 쌍바닥 베팅,1,3.25;4.01;5.23,,3,0,gain
220423446537,2015-07-17,1,6,SK컴즈,신고돌파 - 수급평단 박스권 베팅,1,4.44,,1,0,gain
220423446537,2015-07-17,1,7,위메이드,전고돌파 - 돌파 매매,1,8.54,,1,0,gain
220431881447,2015-07-26,1,1,위메이드,전고돌파 - 돌파매매,1,9.86;0.83,,2,0,gain
220431881447,2015-07-26,1,2,삼립식품,신고돌파 - 종가베팅,1,5.14;8.08,,2,0,gain
220438106691,2015-08-01,1,1,한세실업,신고돌파 - 수급평단 박스권 베팅,1,4.26;4.47;4.5;5.2,,4,0,gain
220438106691,2015-08-01,1,2,모두투어,"신고돌파 - 수급평단 박스권 베팅 / 손신률 -2.27%, -4.84%",2,1.23,,1,0,gain
220438106691,2015-08-01,1,3,삼립식품,신고돌파 - 수급평단 박스권 베팅,1,,4.16;4.73,0,2,loss
220438106691,2015-08-01,1,4,다원시스,신고가 - 낙폭눌림 베팅,1,3.97,,1,0,gain
220438106691,2015-08-01,1,5,위메이드,스윙,1,44.27,,1,0,gain
220444290855,2015-08-07,1,1,위메이드,스윙,1,26.28;22.72,,2,0,gain
220450863460,2015-08-14,1,1,보령메디앙스,엔벨로프,1,7.03,,1,0,gain
220466340901,2015-08-30,1,1,에스엠,수급평단 박스권 + 돌파,1,0.81;2,1.12,2,1,mixed
220480122417,2015-09-13,1,1,삼립식품,엔벨로프 베팅,1,7.1;9.88,,2,0,gain
220480122417,2015-09-13,1,2,피앤이솔루션,엔벨로프 배팅,1,6.41;6.58;8.07,,3,0,gain
220480122417,2015-09-13,1,3,일진홀딩스,엔벨로프 베팅,1,4.76;6.16,,2,0,gain
220498043351,2015-10-03,1,1,GKL,추세돌파 - 수급평단 박스권 베팅,1,2.1;2.48,,2,0,gain
220498043351,2015-10-03,1,2,한국항공우주,엔벨로프 베팅,1,5.04;9.13;9.87;11.19;10.9;9.13,,6,0,gain
220504162859,2015-10-09,1,1,현대글로비스,추세돌파 - 수급평단 박스권 베팅,1,0.62,,1,0,gain
220504162859,2015-10-09,1,2,서연,추세돌파 - 수급평단 박스권 베팅,1,,1.72;5.36,0,2,loss
220599366418,2016-01-16,1,1,바디텍메드,직전고점 돌파 / 수급평단 박스권 베팅,2,3.31;3.7;5.82;5.82;6.21;6.35,,6,0,gain
220599366418,2016-01-16,1,2,동아쏘시오홀딩스,전고점 돌파 / 수급평단 박스권 베팅,2,0.37;1.44;2.72;3.68,0.87;0.88,4,2,mixed
220599366418,2016-01-16,1,3,GS리테일,추세돌파 / 수급평단 박스권 베팅,2,4.39;4.57;4.75;5.08,,4,0,gain
220599366418,2016-01-16,1,4,부광약품,1역호전 + 추세돌파 / 수급평단 박스권 베팅,2,3.03;3.57;4.17,,3,0,gain
220599366418,2016-01-16,1,5,카카오,돌파스켈,1,2.54,,1,0,gain
220606430126,2016-01-23,1,1,크라운제과,추세돌파 / 수급평단 박스권 베팅,2,3.16;6.07,,2,0,gain
220606430126,2016-01-23,1,2,서울옥션,전고+신고돌파 / 수급평단 박스권 베팅,2,1.85;1.52;2.35;4.48,0.83;1.15;3.21;5.76,4,4,mixed
220606430126,2016-01-23,1,3,뷰웍스,전고+신고돌파 / 수급평단 박스권베팅,2,2.01;2.42;3.03;4.16;4.58;5,1.03,6,1,mixed
220606430126,2016-01-23,1,4,삼립식품,추세돌파 / 수급평단 박스권 베팅,2,0.58;0.73;1.82,,3,0,gain
220612682668,2016-01-29,1,1,LIG넥스원,추세돌파 / 수급평단 박스권 베팅,2,3.4;4.81;5.25,,3,0,gain
220612682668,2016-01-29,1,2,뷰웍스,신고 + 전고돌파 / 수급평단 박스권 베팅,2,3.01;4.06;4.16;4.19,,4,0,gain
220612682668,2016-01-29,1,3,서울옥션,전고 + 신고돌파 / 수급평단 박스권 베팅,2,,2.59;5.88,0,2,loss
220612682668,2016-01-29,1,4,CJ CGV,전고+신고 돌파 / 수급평단 박스권 베팅,2,2.99;3.36,2.71,2,1,mixed
220619254126,2016-02-05,1,1,뷰웍스,신고 + 전고돌파 / 수급평단 박스권 베팅,2,3.48,,1,0,gain
220619254126,2016-02-05,1,2,삼립식품,추세돌파 / 수급평단 박스권 베팅,2,2.21;2.98;3.49;4;4.27;4.79;4.95,,7,0,gain
220619254126,2016-02-05,1,3,CJ,추세돌파 / 수급평단 박스권 베팅,2,4.16,,1,0,gain
220619254126,2016-02-05,1,4,LIG넥스원,신고돌파 / 수급평단 박스권 베팅,2,,6.9,0,1,loss
220619254126,2016-02-05,1,5,락앤락,추세돌파 + 직전고점 돌파 / 수급평단 박스권 베팅,2,1.52,,1,0,gain
220619254126,2016-02-05,1,6,CJ E&M,추세돌파 / 수급평단 박스권 베팅,2,2.78;2.79;3.11,,3,0,gain
220632125367,2016-02-19,1,1,대림B&Co,추세 + 직전고점 돌파 / 수급평단 박스권 베팅,2,4.82;5.75;6.08,4.74;5.04;9.24,3,3,mixed
220632125367,2016-02-19,1,2,락앤락,추세 + 직전고점 돌파 / 수급평단 박스권 베팅,2,,2.66;5.65;6.38,0,3,loss
220632125367,2016-02-19,1,3,한국토지신탁,직전고점 돌파 / 매물대 턴어라운드 베팅,2,4.18;4.13;5;5.3;6.75,,5,0,gain
220632125367,2016-02-19,1,4,종근당,"과대낙폭 / 엔벨로프 베팅 / 0.12%, 0.52%, 0.66%, 0.92%, 1.9%, 2.66%",3,,,0,0,none
220632125367,2016-02-19,1,5,현대차,추세돌파 / 수급평단 박스권 베팅,2,2.36,,1,0,gain
220639220832,2016-02-26,1,1,종근당,낙폭과대 / 엔벨로프 베팅,2,6.66;6.66;7.43,,3,0,gain
220639220832,2016-02-26,1,2,대우인터네셔널,추세돌파 / 수급평단 박스권 베팅,2,2.24;3.02;3.18;3.44;4.24,,5,0,gain
220639220832,2016-02-26,1,3,한화테크윈,추세돌파 / 수급평단 박스권 베팅,2,2.53;3.02;3.07;3.1;3.15,,5,0,gain
220639220832,2016-02-26,1,4,한국토지신탁,직전고점 돌파 / 수급평단 박스권 베팅,2,1.76;1.77;1.8;3.29,2.93;3.07;4.07,4,3,mixed
220639220832,2016-02-26,1,5,원익IPS,전고점 돌파 / 수급평단 박스권 베팅,2,3.18;3.19;3.56;4;4.38,,5,0,gain
220639220832,2016-02-26,1,6,한국전자금융,직전고점 돌파 / 매물대 베팅,2,2.93;3.06;3.19,0.84,3,1,mixed
220647330635,2016-03-06,1,1,한솔홀딩스,직전고점 돌파 / 수급평단 박스권 베팅,2,3.56;3.68,,2,0,gain
220647330635,2016-03-06,1,2,종근당,20일선 / 20선 돌파눌림,2,2.83,,1,0,gain
220647330635,2016-03-06,1,3,원익IPS,직전고점 돌파 / 수급평단 박스권 베팅,2,3.46;3.84;4.24,2.65,3,1,mixed
220652289978,2016-03-11,1,1,한진칼,추세돌파 / 수급평단 박스권 베팅,2,3.1;3.67;3.99;4.24,,4,0,gain
220652289978,2016-03-11,1,2,아이씨디,전고돌파 + 신고돌파 / 수급평단 박스권 베팅,2,1.01;1.48,,2,0,gain
220659716258,2016-03-19,1,1,쌍방울,추세돌파 / 급등주 투매폭,2,7.93;8.15;8.38,,3,0,gain
220659716258,2016-03-19,1,2,한화갤러리타임월드,추세돌파 / 수급평단 박스권 베팅,2,,2.12;4.95,0,2,loss
220659716258,2016-03-19,1,3,성광벤드,추세돌파 / 수급평단 박스권 베팅,2,5.34;5.81,,2,0,gain
220665321648,2016-03-25,1,1,마이크로컨텍솔,직전고점 + 추세돌파 / 수급평단 박스권 베팅,2,3.66;3.67;3.69;4.48;4.51,,5,0,gain
220665321648,2016-03-25,1,2,금호엔티,직전고점 돌파 / 급등주 투매폭,2,0.86;1.3;1.44;1.74;9.37;9.52;11.28;18.17,,8,0,gain
220665321648,2016-03-25,1,3,심텍홀딩스,직전고점 돌파 / 수급평단 박스권 베팅,2,,1.53;1.9;2.07;4.29;4.45,0,5,loss
220665321648,2016-03-25,1,4,일야,전고돌파 / 수급평단 박스권 베팅,2,1.68;5.49,,2,0,gain
220671704798,2016-04-01,1,1,마이크로컨텍솔,직전고점 + 추세돌파 / 수급평단 박스권 베팅,2,0.65;0.76;0.78;0.91;1.05;2.75;5.6;5.88,,8,0,gain
220671704798,2016-04-01,1,2,한미반도체,전고돌파 / 수급평단 박스권 베팅,2,3.05,,1,0,gain
220671704798,2016-04-01,1,3,일야,전고돌파 / 수급평단 박스권 베팅,2,2.39;4.59,,2,0,gain
220671704798,2016-04-01,1,4,산성엘엔에스,"추 세돌파 / 수급평단 박스권 베팅 / 수 익률 0.52%, 0.66%, 2.04%, 2.07%, 4.33%, 4.34%, 4.35%",3,,,0,0,none
220678098231,2016-04-08,1,1,삼화콘덴서,전고 + 신고돌파 / 수급평단 박스권 베팅,2,3.15;3.22;3.31;4.04;4.31;5.04;5.76,,7,0,gain
220678098231,2016-04-08,1,2,노루페인트,직전고 돌파 / 수급평단 박스권 베팅,2,0.32;3.05;3.07;3.45,,4,0,gain
220678098231,2016-04-08,1,3,디엔에프,추세돌파 / 수급평단 박스권 베팅,2,1.78;1.79;2.09;2.12;2.71;3.04;3.96;5.17,,8,0,gain
220678098231,2016-04-08,1,4,팜스토리,추세 + 직전고 돌파 / 수급평단 박스권 베팅,2,0.05,0.69,1,1,mixed
220678098231,2016-04-08,1,5,삼목에스폼,전고돌파 / 수급평단 박스권 베팅,2,2.97;3.16,,2,0,gain
220686067229,2016-04-17,1,1,삼화콘덴서,전고 + 신고돌파 / 수급평단 박스권 베팅,2,6.87;7.22,,2,0,gain
220686067229,2016-04-17,1,2,팅크웨어,전고돌파 / 수급평단 박스권 베팅,2,2.39;2.42;3.55;3.56;3.58,,5,0,gain
220686067229,2016-04-17,1,3,삼천리자전거,추세돌파 / 수급평단 박스권 베팅,2,0.08;1.08;1.09;1.12,0.7;0.71,4,2,mixed
220690767710,2016-04-22,1,1,팅크웨어,전고돌파 / 수급평단 박스권 베팅,2,3.22;3.93;4.29,,3,0,gain
220690767710,2016-04-22,1,2,한화케미칼,추세돌파 / 수급평단 박스권 베팅,2,0.33;0.52;1.67;1.91;1.98;3.53,,6,0,gain
220690767710,2016-04-22,1,3,한화,직전고 돌파 / 수급평단 박스권 베팅,2,1.29;1.3;1.32,,3,0,gain
220690767710,2016-04-22,1,4,두산엔진,직전고 돌파 / 수급평단 박스권 베팅,2,5.34;5.58,,2,0,gain
220690767710,2016-04-22,1,5,삼목에스폼,전고돌파 / 수급평단 박스권 베팅,2,,2.28;3.68;4.35;5.44;5.63,0,5,loss
220690767710,2016-04-22,1,6,KG이니시스,추세돌파 / 수급평단 박스권 베팅,2,3.29;4.28;4.61,,3,0,gain
220696993267,2016-04-29,1,1,한화케미칼,추세돌파 / 수급평단 박스권 베팅,2,0.04;1.64;1.64,0.77,3,1,mixed
220696993267,2016-04-29,1,2,한화,직전고 돌파 / 수급평단 박스권 베팅,2,0.4;1.21;1.33;2.1;2.11,0.35;0.44;0.48,5,3,mixed
220696993267,2016-04-29,1,3,KG이니시스,직전고 + 추세돌파 / 수급평단 박스권 베팅,2,3.04;3.28;3.66;3.89;4.27;4.92;4.96;5.27;5.58,,9,0,gain
220696993267,2016-04-29,1,4,토니모리,추세돌파 / 수급평단 박스권 베팅,2,1.88;2;3.77;4.29;4.42,,5,0,gain
220708880197,2016-05-13,1,1,뉴트리바이오텍,추세돌파 / 수급평단 박스권 베팅,2,1.07;1.38;1.72;2.33;2.49;4.01;4.32,,7,0,gain
220708880197,2016-05-13,1,2,토니모리,추세돌파 / 수급평단 박스권 베팅,2,1.07;1.07;1.34,0.27;0.4;0.72;0.98;1.11,3,5,mixed
220708880197,2016-05-13,1,3,유진기업,직전고점돌파 / 수급평단 박스권 베팅,2,,4.41;4.14;6.2,0,3,loss
220708880197,2016-05-13,1,4,하나투어,추세돌파 / 수급평단 박스권 베팅,2,1.64;2.14;2.64,,3,0,gain
220708880197,2016-05-13,1,5,코스맥스,직전고점 돌파 / 수급평단 박스권 베팅,2,0.19;0.91;1.55;2.2,,4,0,gain
220708880197,2016-05-13,1,6,BGF리테일,직전고점 돌파 / 수급평단 박스권 베팅,2,1.31;1.79;3.01;3.25;3.31;3.55,,6,0,gain
220716475702,2016-05-22,1,1,토니모리,추세돌파(전고점돌파) / 수급평단 박스권 베팅,2,3.43;3.81;3.95,,3,0,gain
220716475702,2016-05-22,1,2,슈피겐코리아,전고돌파 / 수급평단 박스권 베팅,2,2.31;3.2;3.22;3.6;3.82;4.12;4.26,,7,0,gain
220716475702,2016-05-22,1,3,BGF리테일,직전고점 돌파 / 수급평단 박스권 베팅,2,,0.41,0,1,loss
220716475702,2016-05-22,1,4,코스맥스,직전고점 돌파 / 수급평단 박스권 베팅,2,0.2;0.53,4.92,2,1,mixed
220720911669,2016-05-27,1,1,슈피겐코리아,전고돌파 / 수급평단 박스권 베팅,2,2.84;2.85;4.94;4.77;5.24;6.17;6.32,,7,0,gain
220727287846,2016-06-04,1,1,테스,신고돌파 / 수급평단 박스권 베팅,2,0.13;0.45;3.58;4.57;5.26;6.24;7.62;8.29;8.62;9.29,,10,0,gain
220727287846,2016-06-04,1,2,바이로메드,추세돌파 / 수급평단 박스권 베팅,2,2.6,,1,0,gain
220735385531,2016-06-13,1,1,바이로메드,추세돌파 / 수급평단 박스권 베팅,2,1.95;1.77;2.33;2.77;2.92;3.05,,6,0,gain
220735385531,2016-06-13,1,2,계양전기,신고돌파 / 수급평단 박스권 베팅,2,6.53,,1,0,gain
220742429984,2016-06-21,1,1,솔브레인,신고돌파 / 수급평단 박스권 베팅,2,0.45;0.95;2.03;2.21;3.21;3.76;4.84;5.75,0.1,8,1,mixed
220750978500,2016-07-01,1,1,엠케이전자,"신고돌파 / 20선, 수급평단 박스권 베팅",2,,4.39,0,1,loss
220750978500,2016-07-01,1,2,대아티아이,전고돌파 / 급등주 투매폭,2,23.76,,1,0,gain
220750978500,2016-07-01,1,3,부산산업,직전고돌파 / 급등주 투매폭,2,9.76;9.95,,2,0,gain
220750978500,2016-07-01,1,4,지어소프트,전고돌파 / 급등주 투매폭,2,6.55;7.41,,2,0,gain
220763175149,2016-07-15,1,1,화신정공,전고돌파 / 급등주 투매폭,2,2.16;2.42;4.14;5.17;6.44;7.21,,6,0,gain
220763175149,2016-07-15,1,2,알파칩스,직전고 + 신고 돌파 / 수급평단 박스권 베팅,2,1.88;4.44;6.02,,3,0,gain
220763175149,2016-07-15,1,3,화승인더,"신고돌파 / 수급평단 박스권 베팅 / 3.97%, 4.11%, 4.22%, 4.40%, 6.99%, 7.10%, 7.22%",3,,,0,0,none
220771498393,2016-07-25,1,1,알파칩스,직전고 돌파 / 수급평단 박스권 베팅,2,3.66,,1,0,gain
220771498393,2016-07-25,1,2,이루온,신고돌파 / 급등주 투매폭,2,8.59,,1,0,gain
220771498393,2016-07-25,1,3,디오,추세돌파 / 수급평다 박스권 베팅,2,5.09,,1,0,gain
220780665844,2016-08-05,1,1,디오,추세돌파 / 수급평단 박스권 베팅,2,2.22;3.04;4.45,3.55;5.16,3,2,mixed
220780665844,2016-08-05,1,2,아시아나항공,추세돌파 / 수급평단 박스권 베팅,2,1.65;1.68;1.85;2.04,,4,0,gain
220780665844,2016-08-05,1,3,성호전자,직전고 돌파 / 급등주 투매폭,2,4.12,,1,0,gain
220780665844,2016-08-05,1,4,이미지스,추세돌파 / 종가베팅,2,10.49,,1,0,gain
220780665844,2016-08-05,1,5,AP시스템,추세돌파 / 수급평단 박스권 베팅,2,2.06,,1,0,gain
220780665844,2016-08-05,1,6,원익홀딩스,추세돌파 / 수급평단 박스권 베팅,2,2.14;2.4,,2,0,gain
220780665844,2016-08-05,1,7,삼본정밀전자,전고돌파 / 급등주 투매폭,2,3.34;4.22;6.83;8.56;12.89,,5,0,gain
220780665844,2016-08-05,1,8,홈캐스트,전고돌파 / 급등주 투매폭,2,4.73,,1,0,gain
220786218731,2016-08-12,1,1,인포뱅크,직전고점 돌파 / 급등주 투매폭 - 종가베팅,2,12.9;15.1,,2,0,gain
220786218731,2016-08-12,1,2,파인디지털,직전고점 돌파 / 급등주 투매폭 - 종가베팅,2,,2.71,0,1,loss
220791793619,2016-08-19,1,1,선도전기,직전고 돌파 / 급등주 투매폭 - 종가베팅,2,7.3;7.67,,2,0,gain
220791793619,2016-08-19,1,2,동양물산,직전고 돌파 / 시가돌파,2,4.32;5.29;5.71,,3,0,gain
220791793619,2016-08-19,1,3,에이텍,전고점 돌파 / 급등주 투매폭 - 종가베팅,2,5.66,,1,0,gain
220791793619,2016-08-19,1,4,삼본정밀전자,직전고점 돌파 / 박스권 베팅 + 급등주 투매폭,2,10.96;11.32;16.66,,3,0,gain
220791793619,2016-08-19,1,5,칩스앤미디어,신고가 돌파 / 종가베팅,2,,3.24,0,1,loss
220797751308,2016-08-27,1,1,엠씨넥스,추세돌파 / 급등주 투매폭 + 종가베팅,2,1.05;1.06;2.42;2.34;2.12,,5,0,gain
220797751308,2016-08-27,1,2,홈센타,직전고점돌파 / 급등주 투매폭 - 종가베팅,2,3.52;7.41;7.4;9.27;9.64;10.18,,6,0,gain
220797751308,2016-08-27,1,3,화신정공,전고돌파 / 급등주 투매폭,2,,10,0,1,loss
220812592426,2016-09-14,1,1,우리들휴브레인,신고가 돌파 / 급등주 투매폭,2,7.94,,1,0,gain
220820505926,2016-09-25,1,1,보광산업,전고돌파 / 급등주 투매폭 - 종가베팅,2,2.98;2.99;3.01,,3,0,gain
220820505926,2016-09-25,1,2,수산중궁업,전고돌파 / 찌라시,2,,0.87;2.96;3.17,0,3,loss
220820505926,2016-09-25,1,3,유아이디,"직전고점 돌파 / 급등주 오전,오후 베팅",2,1.49;2.12;5.71;6.87;7.6;8.8;9.18,,7,0,gain
220820505926,2016-09-25,1,4,삼보판지,신고가 돌파 / 급등주 투매폭 - 종가베팅,2,2;2.52;3.08;3.09,,4,0,gain
220820505926,2016-09-25,1,5,선도전기,전고돌파 / 급등주 투매폭,2,3.98;7.91;8.71;21.1;21.32,,5,0,gain
220820505926,2016-09-25,1,6,세중,전고돌파 / 전고점 눌림,2,7.7;7.71,,2,0,gain
220826220571,2016-10-02,1,1,선도전기,직전고 돌파 / 급등주 투매폭 - 종가베팅,2,2.84;4.1;4.35;5.65;6.04;10.7,,6,0,gain
220826220571,2016-10-02,1,2,JW중외제약,신고가 돌파 / 우량주 평단 박스권 베팅,2,3.15;4.13,,2,0,gain
220832006986,2016-10-09,1,1,선도전기,직전고 돌파 / 급등주 투매폭,2,1.92;2.15;2.92;3.59;6.85;6.11,,6,0,gain
220832006986,2016-10-09,1,2,TPC,전고점 돌파 / 급등주 단타,2,1.24;2.43;6.43;6.55;9.23,,5,0,gain
220836396874,2016-10-14,1,1,케이시티,전고점 돌파 / 급등주 투매폭,2,36;6.69;6.78;6.91;7.03;7.15,,6,0,gain
220836396874,2016-10-14,1,2,웹스,전고 돌파 / 급등주 투매폭,2,3.25;4.52;4.7;4.96;6.54;6.82,,6,0,gain
220836396874,2016-10-14,1,3,로지시스,직전고 돌파 / 급등주 투매폭,2,9.51,,1,0,gain
220836396874,2016-10-14,1,4,한국컴퓨터,전고돌파 / 급등주 투매폭,2,3.04;5.12,,2,0,gain
220836396874,2016-10-14,1,5,삼보판지,직전고 돌파 / 급등주 투매폭,2,,4.7;4.8,0,2,loss
220836396874,2016-10-14,1,6,이상네트웍스,전고돌파 / 급등주 투매폭,2,2.49;5.79;6.08;6.09,5.83;5.93;6.02,4,3,mixed
220836396874,2016-10-14,1,7,보락,전고돌파 / 급등주 투매폭,2,2.9;3.05,,2,0,gain
220843388884,2016-10-23,1,1,한국컴퓨터,"전고돌파 / 급등주 단타 / 수 익률 0.27%, 0.47%, 1.82%, 3.75%, 3.86%, 4.13%, 4.21%, 4.36%",3,,,0,0,none
220843388884,2016-10-23,1,2,에스아이티글로벌,추세돌파 / 급등주 단타,2,0.94;1.09;4.11;4.28;4.45;4.63,,6,0,gain
220843388884,2016-10-23,1,3,손오공,전고돌파 / 급등주 투매폭,2,1.14,2.1;2.48;4.31,1,3,mixed
220843388884,2016-10-23,1,4,동국S&C,추세돌파 / 수급평단 박스권 베팅,2,1.51;2.11;3.05;3.3;3.6,,5,0,gain
220847880311,2016-10-28,1,1,동국S&C,추세돌파 / 수급평단 박스권 베팅,2,2.12;2.23;2.7;2.91,,4,0,gain
220847880311,2016-10-28,1,2,프림에스,직전고점 돌파 / 급등주 투패목,2,10.49;10.62;11.41;11.3;11.43;12.22,,6,0,gain
220847880311,2016-10-28,1,3,JW생명과학,신규주 / 돌파베팅,2,15.32,,1,0,gain
220847880311,2016-10-28,1,4,인포마크,전고점 돌파 / 급등주 단타,2,0.84;4.93,,2,0,gain
220847880311,2016-10-28,1,5,대신정보통신,추세돌파 / 급등주 투매폭,2,5.6;6.51;7.42,,3,0,gain
220847880311,2016-10-28,1,6,손오공,전고점돌파 / 종가베팅,2,,3.92,0,1,loss
220855027368,2016-11-06,1,1,로지시스,전고점 돌파 / 급등주 종가베팅,2,2.56;4.86,,2,0,gain
220855027368,2016-11-06,1,2,캠시스,추세돌파 / 급등주 단타,2,0.25;1.86;3.93,0.98;4.83;5;5.16;8.7,3,5,mixed
220855027368,2016-11-06,1,3,디지틀조선,전고점 돌파 / 급등주 단타,2,0.35;0.54;0.95;1.08;1.63;2.56;3.32;4.33,,8,0,gain
220855027368,2016-11-06,1,4,로고스바이오,신규주 / 급등주 단타,2,6.07,,1,0,gain
220855027368,2016-11-06,1,5,에이치엘비생명과학,전고점 돌파 / 급등주 단타,2,4.64;4.8,,2,0,gain
220860023302,2016-11-12,1,1,빅텍,전고돌파 / 급등주 스윙,2,26.39;25.05;24.88;23.97;21.37;20.23;4.68;3.9,0.38;2.58,8,2,mixed
220860023302,2016-11-12,1,2,두산인프라코어,직전고 돌파 / 우량주 단타,2,3.47;3.47;0.28,,3,0,gain
220864993335,2016-11-18,1,1,두산인프라코어,직전고점 돌파 / 수급 평단 박스권 베팅,2,0.09;0.28;1.75;1.96;2.05;2.07;3.47,0.87;0.54,7,2,mixed
220864993335,2016-11-18,1,2,SKC,추세돌파 / 수급 평단 박스권 베팅,2,0.29;1.44,,2,0,gain
220864993335,2016-11-18,1,3,캠시스,"추세돌파, 전고돌파 / 급등주 단타",2,0.12;0.83;2.46;7.66;7.99;8.15;8.32,,7,0,gain
220872081610,2016-11-27,1,1,SKC,추세돌파 / 수급평단 박스권 베팅,2,0.69;1.67,,2,0,gain
220872081610,2016-11-27,1,2,이미지스,추세돌파 / 급등주 단타,2,3.6;3.63,,2,0,gain
220872081610,2016-11-27,1,3,지엔코,추세돌파 / 급등주 단타(종가베팅),2,3,,1,0,gain
220872081610,2016-11-27,1,4,TPC,추세돌파 / 급등주 단타(종가베팅),2,0.6;2.67;2.81,,3,0,gain
220876496303,2016-12-02,1,1,케이씨티,직전고점 돌파 / 급등주 단타,2,2.77;3.02,,2,0,gain
220876496303,2016-12-02,1,2,쏠리드,추세돌파 / 급등주 투매폭,2,0.15;0.3;0.46;3.09;3.27,,5,0,gain
220876496303,2016-12-02,1,3,흥국,직전고점 돌파 / 급등주 단타,2,3.43,,1,0,gain
220883603185,2016-12-12,1,1,서암기계공업,추세돌파 / 급등주 투매폭,2,0.15;0.35;3.99;4.19,,4,0,gain
220883603185,2016-12-12,1,2,지엘팜텍,추세돌파 / 급등주 투매폭,2,10.5,,1,0,gain
220883603185,2016-12-12,1,3,한국팩키지,전고점 돌파 / 급등주 단타,2,0.31;0.46;2.98;3.46;3.49,,5,0,gain
220895399901,2016-12-26,1,1,이화전기,추세돌파 / 급등주 투매폭,2,6.16;6.35;6.53;6.72;6.91;8.02,,6,0,gain
220895399901,2016-12-26,1,2,한네트,전고돌파 / 급등주 단타,2,,5.33;8.47;8.56;8.66;8.76;8.85,0,6,loss
220895399901,2016-12-26,1,3,에코바이오,추세돌파 / 급등주 투매폭,2,1.62;2.27;2.37;3.11;3.49;3.85,,6,0,gain
220895399901,2016-12-26,1,4,우수AMS,추세돌파 / 급등주 단타,2,6.14;6.66,,2,0,gain
220895399901,2016-12-26,1,5,능률교육,직전고 돌파 / 급등주 투매폭,2,5.91;5.76;5.04;4.92;4.89;4.88,,6,0,gain
220898792411,2016-12-30,1,1,이트론,추세돌파 / 급등주 투매폭,2,9.91,,1,0,gain
220898792411,2016-12-30,1,2,아이씨디,직전고 돌파 / 수급평단 박스권 베팅,2,2.72;2.74;3.38;3.41;3.68;4.28,,6,0,gain
224371400049,2026-08-07,32,1,씨피시스템,통계기반 자동매매,1,22.21;15.92;9.65,,3,0,gain
224371400049,2026-08-07,32,2,케이엔알시스템,통계기반 자동매매,1,8.84;8.76;8.7;2.85,,4,0,gain
224371400049,2026-08-07,32,3,모나미,통계기반 자동매매,1,,0.28;13.79;13.28;19.42,0,4,loss
