065660	안트로젠
199820	WS_199820
114810	한솔아이원스
168360	펨트론
089970	브이엠
082920	WS_082920
267290	267290
241770	241770
002900	002900
027040	027040
451220	아이엠티
005440	현대지에프홀딩스
489460	489460
189330	189330
376270	376270
138930	BNK금융지주
310870	310870
042700	WS_042700
006920	006920
000500	000500
388420	RISE 비메모리반도체
170920	170920
258790	소프트캠프
076610	076610
046390	046390
141080	WS_141080
222040	222040
348350	348350
010950	WS_010950
396300	396300
264850	264850
010660	화천기계
100090	100090
102710	WS_102710
000810	삼성화재
192080	192080
138930	138930
309960	LB인베스트먼트
393890	WS_393890
008830	WS_008830
025320	025320
100840	WS_100840
385510	KODEX 신재생에너지액
001430	001430
015760	WS_015760
131760	131760
071050	한국금융지주
003200	003200
010950	MC_010950
027710	027710
0023A0	SOL 미국양자컴퓨팅TO
299030	하나기술
123750	알톤
200470	200470
200470	에이팩트
456070	이엔셀
389650	389650
023410	023410
078930	WS_078930
226950	WS_226950
105560	105560
072950	빛샘전자
000050	경방
443060	443060
298020	효성티앤씨
036710	심텍홀딩스
023590	023590
003160	003160
456010	아이씨티케이
232140	와이씨
368770	WS_368770
006805	006805
005830	DB손해보험
052690	한전기술
058610	058610
170790	파이오링크
000150	두산
00088K	한화3우B
042520	042520
192250	케이사인
457600	457600
003310	003310
090360	090360
089890	코세스
093520	093520
000250	삼천당제약
009270	009270
368770	파이버프로
010620	HD현대미포
282880	코윈테크
263750	263750
012210	삼미금속
008350	남선알미늄
030000	030000
272210	WS_272210
236810	236810
101490	WS_101490
082920	082920
042670	HD현대인프라코어
057050	057050
358570	WS_358570
421320	PLUS 우주항공&UAM
005389	005389
138080	오이솔루션
389650	PRE_389650
393210	토마토시스템
463050	TIMEFOLIO K바이오액티브
004770	써니전자
257720	WS_257720
098070	WS_098070
054220	비츠로시스
038530	케이바이오
348370	WS_348370
005500	005500
089970	089970
050120	050120
237690	WS_237690
187790	187790
036930	WS_036930
462900	KoAct 바이오헬스케어액티브
028050	삼성E&A
265740	엔에프씨
051500	051500
462310	뉴키즈온
235980	235980
494310	KODEX 반도체레버리지
178320	서진시스템
125020	티씨머티리얼즈
060980	HL홀딩스
087260	087260
067310	067310
187870	디바이스
084110	휴온스글로벌
246710	246710
000145	하이트진로홀딩스우
200710	에이디테크놀로지
448830	미래에셋비전스팩3호
440110	WS_440110
010140	WS_010140
086960	MDS테크
004990	롯데지주
050110	050110
293780	압타바이오
457990	PLUS 태양광&ESS
460930	460930
130660	한전산업
219130	타이거일렉
234340	헥토파이낸셜
489790	WS_489790
012510	012510
003670	포스코퓨처엠
465770	STX그린로지스
307950	현대오토에버
017860	DS단석
011790	011790
462900	KoAct 바이오헬스케어
033780	033780
460860	460860
271830	271830
179900	179900
236200	236200
452190	WS_452190
049630	재영솔루텍
189300	인텔리안테크
001040	CJ
417860	417860
356680	WS_356680
292150	TIGER 코리아TOP10
005870	휴니드
066910	066910
045520	045520
161580	필옵틱스
115160	115160
010690	010690
380550	뉴로핏
476060	온코닉테라퓨틱스
025620	제이준코스메틱
039830	039830
002070	002070
437730	삼현
105840	우진
460930	WS_460930
274090	274090
094360	칩스앤미디어
004000	004000
086790	WS_086790
047810	047810
000990	000990
011070	LG이노텍
279530	KODEX 고배당주
000270	기아
036930	주성엔지니어링
006360	GS건설
016360	016360
000850	000850
267770	TIGER 200선물레버리
034230	034230
0129K0	신한제18호스팩
061970	LB세미콘
432430	432430
041510	041510
123330	123330
107600	새빗켐
273060	와이즈버즈
006800	006800
087010	WS_087010
003550	WS_003550
036570	WS_036570
031210	서울보증보험
232140	WS_232140
151860	151860
340450	340450
044340	044340
077970	077970
101490	에스앤에스텍
001680	대상
085660	차바이오텍
026960	026960
024890	024890
294870	294870
011690	WS_011690
031330	031330
140860	파크시스템스
482630	삼양엔씨켐
213500	213500
049070	049070
060900	DGP
003240	003240
041440	현대에버다임
148020	RISE 200
389260	389260
014940	오리엔탈정공
259630	엠플러스
068760	셀트리온제약
340810	340810
020560	아시아나항공
011090	011090
189300	189300
001790	대한제당
229200	KODEX 코스닥150
103590	WS_103590
322180	LS티라유텍
012330	WS_012330
010140	010140
002310	아세아제지
131290	131290
463020	뉴엔AI
237350	KODEX 코스피100
475310	SOL 반도체후공정
253590	WS_253590
376900	로킷헬스케어
012320	012320
001450	001450
471760	TIGER AI반도체핵심공
065770	065770
009420	WS_009420
900250	900250
489500	엘케이켐
029460	029460
487580	487580
001520	동양
233160	TIGER 코스닥150 레버
086790	086790
017670	SK텔레콤
086900	086900
454910	두산로보틱스
001740	SK네트웍스
138360	협진
249420	일동제약
049070	인탑스
311320	311320
101360	101360
094940	푸른기술
078590	078590
012200	WS_012200
003540	대신증권
475400	씨메스
005440	005440
233740	KODEX 코스닥150레버
114840	114840
214450	214450
039440	WS_039440
025560	025560
402030	402030
042700	042700
115610	115610
083500	에프엔에스테크
389500	WS_389500
014280	금강공업
010820	퍼스텍
183300	WS_183300
051905	051905
139480	WS_139480
199550	레이저옵텍
425420	WS_425420
131760	파인텍
217590	티엠씨
208710	208710
175330	175330
357880	SKAI
445180	퓨릿
004960	004960
003280	003280
232680	라온테크
419530	419530
189980	흥국에프엔비
000080	하이트진로
469150	ACE AI반도체포커스
065170	065170
003200	일신방직
078160	메디포스트
054920	054920
080220	PRE_080220
006740	006740
032820	032820
140430	140430
314130	314130
043260	WS_043260
330350	위더스제약
331920	셀레믹스
032940	032940
000430	000430
336570	336570
375500	DL이앤씨
217730	217730
011790	SKC
475040	스트라드비젼
413630	씨피시스템
024740	024740
060370	WS_060370
005930	PRE_005930
291230	291230
311390	네오크레마
000155	두산우
089030	테크윙
005387	005387
027050	코리아나
475150	PRE_475150
010780	아이에스동서
415640	KB발해인프라
452260	452260
466100	WS_466100
079950	인베니아
098460	WS_098460
005850	WS_005850
441270	441270
096770	SK이노베이션
071055	한국금융지주우
058730	다스코
073540	에프알텍
122350	삼기
074600	원익QnC
078020	078020
327260	327260
033790	피노
376270	HEM파마
031330	에스에이엠티
420770	WS_420770
126880	제이엔케이글로벌
321550	티움바이오
100090	SK오션플랜트
069330	069330
060280	PRE_060280
004090	004090
140430	카티스
114810	WS_114810
068270	셀트리온
101160	101160
0000Z0	RISE 바이오TOP10액티
475300	SOL 반도체전공정
229640	WS_229640
271560	오리온
212560	네오오토
082800	비보존 제약
415920	PLUS 글로벌희토류&전
047770	코데즈컴바인
010170	010170
014680	WS_014680
112610	씨에스윈드
055550	WS_055550
190510	나무가
160980	싸이맥스
066980	066980
226950	226950
043590	043590
036570	NC
000087	하이트진로2우B
079160	079160
042510	WS_042510
105560	PRE_105560
047050	포스코인터내셔널
037230	037230
002600	조흥
045100	한양이엔지
012030	012030
432470	케이엔에스
042370	비츠로테크
138360	138360
036630	036630
336570	원텍
005880	대한해운
454910	WS_454910
140700	KODEX 보험
117580	117580
199480	뱅크웨어글로벌
394420	리센스메디컬
229000	229000
234340	234340
095500	미래나노텍
064760	064760
338840	와이바이오로직스
024940	024940
028300	HLB
285130	285130
000390	삼화페인트
362320	362320
452260	한화갤러리아
066575	066575
328380	328380
002350	002350
211270	AP위성
281820	281820
080160	모두투어
458870	WS_458870
210980	SK디앤디
047050	WS_047050
017960	017960
034730	SK
000100	WS_000100
067830	세이브존I&C
067900	067900
145020	145020
024060	흥구석유
137950	제이씨케미칼
004560	현대비앤지스틸
096630	에스코넥
282330	BGF리테일
099750	이지케어텍
054920	WS_054920
090350	노루페인트
145020	WS_145020
078520	에이블씨엔씨
009290	009290
010820	010820
034310	034310
353200	353200
079550	079550
092300	현우산업
270520	270520
388050	지투파워
348150	고바이오랩
457370	457370
304360	에스바이오메딕스
476830	알지노믹스
005360	005360
009420	한올바이오파마
002990	002990
187870	187870
330860	네패스아크
007070	GS리테일
123890	123890
322510	제이엘케이
217330	싸이토젠
469750	아이비젼웍스
064290	인텍플러스
100120	뷰웍스
441270	파인엠텍
273060	273060
001680	001680
141080	리가켐바이오
009190	009190
115610	이미지스
126340	비나텍
060720	KH바텍
178320	178320
180640	한진칼
431190	케이쓰리아이
450080	450080
007660	이수페타시스
033160	033160
011500	WS_011500
012030	DB
003490	대한항공
209640	209640
295310	WS_295310
276730	276730
209640	와이제이링크
456010	WS_456010
181710	181710
001000	신라섬유
001540	001540
066570	LG전자
304100	솔트룩스
023530	롯데쇼핑
085910	네오티스
072470	우리산업홀딩스
024850	024850
018260	삼성에스디에스
015760	한국전력
051900	051900
031980	031980
035420	MC_035420
122350	122350
486450	SOL 미국AI전력인프라
098460	고영
052900	052900
429270	시지트로닉스
462350	462350
402340	402340
356860	356860
232140	232140
012800	012800
012330	012330
161890	WS_161890
034730	WS_034730
038880	038880
117700	KODEX 건설
010170	대한광통신
077360	WS_077360
054450	텔레칩스
252990	샘씨엔에스
046970	046970
034220	MC_034220
440110	440110
008970	008970
035720	카카오
005800	신영와코루
146060	율촌
455850	SOL AI반도체소부장
034230	WS_034230
129890	앱코
122640	예스티
062040	산일전기
000155	000155
388720	유일로보틱스
128940	128940
005490	PRE_005490
009290	광동제약
319660	319660
397030	397030
045100	045100
007340	WS_007340
417500	417500
184230	SGA솔루션즈
120110	120110
001790	001790
454910	454910
061090	061090
012450	한화에어로스페이스
017800	현대엘리베이터
256840	한국비엔씨
092190	092190
003530	WS_003530
140860	WS_140860
000250	000250
090460	비에이치
036810	WS_036810
001210	금호전기
419080	엔젯
054920	한컴위드
036120	036120
411060	ACE KRX금현물
263750	펄어비스
000815	000815
060250	060250
285130	SK케미칼
220100	퓨쳐켐
270660	에브리봇
004710	004710
332570	PS일렉트로닉스
323280	태성
195940	195940
031440	신세계푸드
368770	368770
004100	004100
288620	에스퓨얼셀
032190	다우데이타
457550	우진엔텍
166090	하나머티리얼즈
123320	TIGER 레버리지
006910	006910
017670	017670
066310	큐에스아이
242040	나무기술
166090	WS_166090
001820	삼화콘덴서
066430	066430
018880	018880
004960	한신공영
046890	WS_046890
214180	헥토이노베이션
105560	WS_105560
029780	삼성카드
025820	이구산업
307180	아이엘
003720	WS_003720
314130	지놈앤컴퍼니
046940	046940
395400	395400
006800	PRE_006800
340930	유일에너테크
016600	016600
355150	WS_355150
272290	이녹스첨단소재
225430	225430
336260	336260
001450	현대해상
010960	010960
024110	기업은행
020560	020560
115500	WS_115500
066970	PRE_066970
005070	코스모신소재
000050	000050
005290	005290
021240	WS_021240
214150	클래시스
357880	357880
365270	큐라클
417840	417840
267270	WS_267270
354320	354320
482630	482630
003490	WS_003490
126640	126640
461950	KODEX 2차전지핵심소
466930	SOL 자동차TOP3플러스
024910	경창산업
450140	코오롱모빌리티그룹
247540	에코프로비엠
052710	아모텍
322310	오로스테크놀로지
002140	002140
056080	유진로봇
092870	엑시콘
090430	아모레퍼시픽
361610	SK아이이테크놀로지
199430	케이엔알시스템
242040	WS_242040
066570	WS_066570
499790	GS피앤엘
016600	큐캐피탈
001550	조비
139990	아주스틸
158430	아톤
100660	100660
452280	WS_452280
000370	한화손해보험
016360	삼성증권
073010	케이에스피
047400	유니온머티리얼
417310	코람코더원리츠
425420	티에프이
000370	000370
306620	306620
432720	퀄리타스반도체
024840	KBI메탈
950160	코오롱티슈진
066970	엘앤에프
130660	WS_130660
094840	094840
005690	파미셀
491820	HANARO 전력설비투자
003230	삼양식품
076610	해성옵틱스
232080	TIGER 코스닥150
064820	케이프
000440	중앙에너비스
009070	KCTC
048550	048550
178320	WS_178320
001260	남광토건
001060	JW중외제약
430690	한싹
066575	LG전자우
064820	064820
005935	삼성전자우
457480	ACE 테슬라밸류체인액
000270	MC_000270
078600	078600
038500	WS_038500
475430	475430
156100	엘앤케이바이오
195940	HK이노엔
017000	신원종합개발
208640	208640
010140	삼성중공업
223250	드림씨아이에스
053690	한미글로벌
181710	NHN
250060	모비스
014680	한솔케미칼
091440	091440
000990	WS_000990
004140	동방
251370	와이엠티
306040	306040
356680	356680
038870	038870
045100	WS_045100
035600	035600
028050	WS_028050
003160	디아이
049470	SGA
028260	MC_028260
070300	070300
007690	007690
000210	WS_000210
139130	iM금융지주
244920	244920
062970	한국첨단소재
078160	WS_078160
083450	WS_083450
446540	446540
119830	119830
013990	013990
085620	085620
091700	091700
287840	인투셀
319400	현대무벡스
037460	삼지전자
007540	샘표
066570	PRE_066570
484880	SOL 금융지주플러스고
463050	TIMEFOLIO K바이오액
081660	미스토홀딩스
006120	006120
000500	가온전선
198940	198940
011700	한신기계
009470	삼화전기
009240	한샘
012630	012630
044380	044380
476830	476830
082640	082640
000270	WS_000270
138930	WS_138930
443060	WS_443060
085670	뉴프렉스
007810	WS_007810
069620	대웅제약
139260	TIGER 200 IT
388870	파로스아이바이오
071970	HD현대마린엔진
104830	원익머트리얼즈
348340	WS_348340
003380	003380
442320	RISE 글로벌원자력
048770	TPC
099440	스맥
001040	WS_001040
027740	027740
072710	농심홀딩스
295310	에이치브이엠
039030	WS_039030
004410	서울식품
000950	000950
138080	WS_138080
032640	WS_032640
065450	빅텍
228760	228760
011170	WS_011170
012800	대창
064760	WS_064760
351330	이삭엔지니어링
035420	WS_035420
45014K	코오롱모빌리티그룹우
241710	코스메카코리아
458870	458870
006280	녹십자
487240	KODEX AI전력핵심설비
089590	089590
396300	세아메카닉스
402340	SK스퀘어
009450	009450
259960	259960
217820	원익피앤이
002220	002220
330860	330860
009155	009155
117730	티로보틱스
099430	바이오플러스
376270	에이치이엠파마
383310	WS_383310
001250	GS글로벌
271980	제일약품
007810	007810
109740	109740
308080	바이젠셀
053950	경남제약
015760	015760
093380	093380
078340	078340
005389	현대차3우B
005180	005180
126730	126730
469070	RISE AI&로봇
004020	WS_004020
083640	083640
174900	앱클론
448900	한국피아이엠
114190	강원에너지
005945	005945
099320	099320
161580	WS_161580
037270	037270
499790	499790
290550	디케이티
000240	한국앤컴퍼니
015750	성우하이텍
377300	WS_377300
050890	050890
019210	와이지-원
043650	043650
240810	WS_240810
473460	KODEX 미국서학개미
465770	465770
180400	DXVX
079940	079940
003690	003690
394280	WS_394280
422420	RISE 2차전지액티브
007660	WS_007660
395270	HANARO Fn K-반도체
028050	MC_028050
039980	039980
059090	WS_059090
290550	WS_290550
000400	000400
060260	060260
006400	PRE_006400
046310	백금T&A
001200	유진투자증권
089150	케이씨티
466940	TIGER 은행고배당플러
205100	205100
108490	WS_108490
222800	222800
009970	009970
019180	티에이치엔
389650	넥스트바이오메디컬
403870	HPSP
179900	유티아이
101930	인화정공
317240	TS트릴리온
005010	MC_005010
208370	셀바스헬스케어
282720	282720
005680	005680
462330	KODEX 2차전지산업레
136150	원일티엔아이
095610	095610
003380	하림지주
005090	005090
033500	WS_033500
215790	이노인스트루먼트
090435	090435
222800	MC_222800
030200	WS_030200
032190	032190
039440	에스티아이
093520	매커스
473980	노머스
028300	028300
010820	WS_010820
267260	267260
073190	073190
475150	SK이터닉스
064260	다날
319400	319400
080220	제주반도체
034220	034220
354200	354200
161390	한국타이어앤테크놀로
006110	WS_006110
437730	WS_437730
317330	WS_317330
028260	028260
004060	SG세계물산
900290	900290
030960	030960
006040	006040
032500	케이엠더블유
060250	WS_060250
088350	088350
452280	한선엔지니어링
104830	104830
281740	WS_281740
003490	003490
094820	094820
047810	한국항공우주
000140	하이트진로홀딩스
004440	004440
900300	900300
001360	001360
079370	제우스
082270	젬백스
032350	WS_032350
469170	ACE 포스코그룹포커스
109670	씨싸이트
032820	우리기술
058730	058730
016380	016380
217500	러셀
445680	445680
361390	제노코
019990	에너토크
123010	123010
001800	001800
019550	019550
004800	004800
220260	켐트로스
372320	372320
071090	071090
000270	000270
005070	WS_005070
002840	002840
071970	071970
010170	WS_010170
035620	035620
080580	오킨스전자
006260	006260
441540	HANARO Fn조선해운
067080	대화제약
261520	261520
004490	004490
024060	024060
020710	020710
397030	에이프릴바이오
006805	미래에셋증권우
040300	YTN
000020	000020
465330	RISE 2차전지TOP10
001520	001520
011070	WS_011070
006880	신송홀딩스
069730	069730
027360	WS_027360
290650	WS_290650
009580	무림P&P
058850	KTcs
011780	금호석유화학
138610	나이벡
460850	460850
003570	SNT다이내믹스
115180	큐리언트
125490	한라캐스트
007980	007980
074600	WS_074600
388790	388790
413390	엠오티
051910	WS_051910
069540	069540
052420	052420
347700	스피어
098120	마이크로컨텍솔
476060	476060
455860	SOL 2차전지소부장Fn
025860	WS_025860
192820	192820
051600	한전KPS
003470	유안타증권
368600	368600
030530	030530
232680	라온로보틱스
183300	코미코
011280	011280
002680	한탑
483650	MC_483650
036170	036170
279570	케이뱅크
375500	WS_375500
091580	상신이디피
062040	062040
028050	028050
003620	003620
296640	이노룰스
044820	044820
092220	KEC
077970	STX엔진
130660	130660
025860	남해화학
000810	WS_000810
474610	RF시스템즈
025320	시노펙스
128820	대성산업
013580	계룡건설
022100	포스코DX
006880	006880
120110	코오롱인더
KS11	KS11
042600	새로닉스
310210	보로노이
214370	케어젠
107640	한중엔시에스
226590	엠디바이스
228760	지노믹트리
138040	138040
376930	노을
001780	알루코
039490	WS_039490
024740	한일단조
000760	이화산업
102710	이엔에프테크놀로지
023790	동일스틸럭스
010950	010950
033540	파라텍
475830	WS_475830
012330	현대모비스
105560	KB금융
059120	아진엑스텍
030520	030520
036810	에프에스티
298050	HS효성첨단소재
043340	043340
006800	WS_006800
010170	MC_010170
005750	대림바스
466910	엔에이치스팩30호
078930	GS
047770	047770
161000	WS_161000
234340	WS_234340
014970	014970
377300	카카오페이
006910	보성파워텍
305720	KODEX 2차전지산업
127710	아시아경제
010130	고려아연
067310	WS_067310
051780	큐로홀딩스
028670	팬오션
263800	데이타솔루션
003000	WS_003000
476060	WS_476060
177350	베셀
121440	121440
090710	휴림로봇
173130	173130
079000	079000
036930	036930
308430	셀비온
114090	114090
079900	전진건설로봇
014620	성광벤드
012205	계양전기우
005960	005960
394420	394420
053700	삼보모터스
009620	009620
003680	003680
403870	403870
088280	쏘닉스
299900	299900
315960	RISE 대형고배당10TR
034220	WS_034220
290740	액트로
316140	우리금융지주
419540	비스토스
281740	레이크머티리얼즈
004310	004310
092790	092790
064260	WS_064260
036540	036540
052900	KX하이텍
004430	004430
046120	WS_046120
060370	LS마린솔루션
122630	KODEX 레버리지
004310	현대약품
005880	005880
356890	싸이버원
475150	WS_475150
068270	WS_068270
347700	MC_347700
267250	WS_267250
437730	437730
33626K	두산퓨얼셀1우
101170	우림피티에스
007340	DN오토모티브
243840	신흥에스이씨
137400	WS_137400
450080	PRE_450080
002760	보락
057540	057540
200470	WS_200470
005940	WS_005940
090370	메타랩스
138540	TIGER 현대차그룹+펀
036540	MC_036540
086450	WS_086450
084990	헬릭스미스
071050	071050
140410	WS_140410
089230	089230
032350	032350
001510	001510
065350	065350
128940	WS_128940
000850	화천기공
161390	WS_161390
024720	024720
000880	WS_000880
099320	WS_099320
101730	101730
285800	285800
035720	WS_035720
002780	002780
002030	002030
001740	001740
475960	475960
109070	109070
131970	두산테스나
329180	HD현대중공업
302440	302440
452400	이닉스
012340	012340
066430	아이로보틱스
218410	RFHIC
071950	071950
109610	109610
084370	084370
077970	WS_077970
466100	클로봇
089790	제이티
023160	023160
011230	011230
095910	에스에너지
006260	LS
484870	엠앤씨솔루션
456040	OCI
433500	ACE 원자력TOP10
215200	215200
036830	솔브레인홀딩스
032580	032580
028260	삼성물산
060900	060900
126340	WS_126340
053160	053160
388050	WS_388050
093370	093370
027360	027360
064400	LG씨엔에스
483650	달바글로벌
011070	011070
008770	WS_008770
010950	S-Oil
215090	215090
298040	298040
003670	WS_003670
078000	텔코웨어
264660	씨앤지하이테크
005950	이수화학
003680	한성기업
036540	SFA반도체
088980	맥쿼리인프라
002310	002310
102940	코오롱생명과학
219130	219130
483320	ACE 엔비디아밸류체인
029530	신도리코
238090	앤디포스
036170	WS_036170
006730	서부T&D
042510	042510
475830	오름테라퓨틱
000120	CJ대한통운
001260	001260
272110	케이엔제이
235980	메드팩토
248170	248170
272550	삼양패키징
383310	383310
027710	팜스토리
254490	미래반도체
099440	099440
079810	APS이노베이션
006340	006340
001510	SK증권
389500	에스비비테크
203650	드림시큐리티
192650	드림텍
328130	328130
024880	케이피에프
107640	WS_107640
413630	413630
059270	해성에어로보틱스
005380	005380
399720	WS_399720
100790	WS_100790
179290	179290
226330	226330
012160	012160
105740	디케이락
101330	모베이스
139230	TIGER 200 중공업
259630	WS_259630
002380	KCC
091160	KODEX 반도체
011560	011560
007390	네이처셀
298000	298000
037350	037350
128940	한미약품
298380	WS_298380
042110	042110
017900	017900
005830	005830
001685	대상우
039240	경남스틸
005385	현대차우
018260	018260
050760	050760
077500	077500
095340	ISC
036580	팜스코
001440	001440
352820	하이브
095610	테스
333430	일승
255440	255440
246710	티앤알바이오팹
005290	WS_005290
001820	001820
147830	제룡산업
025750	한솔홈데코
073490	이노와이어리스
375500	375500
326030	WS_326030
456040	WS_456040
006220	006220
382900	범한퓨얼셀
065440	이루온
205500	205500
212710	212710
000500	WS_000500
086280	WS_086280
491010	TIGER 글로벌AI전력인
329180	329180
000890	보해양조
000890	000890
412570	TIGER 2차전지TOP10레
061970	061970
103140	WS_103140
033240	WS_033240
002810	002810
014990	014990
405100	큐알티
240810	원익IPS
003280	흥아해운
005830	WS_005830
001800	오리온홀딩스
005940	NH투자증권
445680	큐리옥스바이오시스템
417840	WS_417840
267270	HD현대건설기계
460940	피앤에스로보틱스
411080	샌즈랩
141080	PRE_141080
016360	WS_016360
017670	MC_017670
322000	MC_322000
253840	수젠텍
052020	052020
095660	네오위즈
025550	한국선재
037710	037710
068270	MC_068270
004710	한솔테크닉스
082740	WS_082740
084180	084180
354200	엔젠바이오
497570	TIGER 미국필라델피아
214330	214330
321370	센서뷰
032940	원익
347700	WS_347700
174900	WS_174900
092460	092460
195870	해성디에스
267270	HD건설기계
039030	이오테크닉스
498860	RISE 코리아금융고배
365340	성일하이텍
005850	에스엘
253250	KIWOOM 200선물레버리
255220	SG
03481K	해성산업1우
455900	엔젤로보틱스
097230	HJ중공업
389030	지니너스
137400	피엔티
004170	WS_004170
005930	삼성전자
215100	로보로보
332570	332570
464080	464080
152550	한국ANKOR유전
004870	004870
025860	025860
166090	166090
030530	원익홀딩스
378800	378800
272210	한화시스템
091590	091590
253590	네오셈
090410	090410
000815	삼성화재우
033640	033640
330350	330350
089030	089030
045970	코아시아
024110	WS_024110
159910	에코글로우
042660	PRE_042660
295310	295310
006650	WS_006650
204320	HL만도
039860	나노엔텍
010580	에스엠벡셀
006260	WS_006260
354500	ACE 코스닥150
059210	메타바이오메드
196170	MC_196170
003530	003530
010690	화신
122640	122640
036570	엔씨소프트
032560	황금에스티
425040	MC_425040
477850	마키나락스
321370	321370
299170	더블유에스아이
195990	에이비프로바이오
031980	피에스케이홀딩스
288980	288980
033100	WS_033100
291810	핀텔
030000	제일기획
218410	218410
011780	WS_011780
036630	세종텔레콤
082210	082210
006340	WS_006340
118990	모트렉스
006110	삼아알미늄
304840	304840
394800	쓰리빌리언
278280	천보
041440	041440
053260	053260
402490	WS_402490
058430	포스코스틸리온
217590	217590
027360	아주IB투자
042040	042040
002020	코오롱
494670	TIGER 조선TOP10
425040	티이엠씨
065150	065150
022100	WS_022100
014160	대영포장
002680	002680
083650	WS_083650
034730	034730
463020	463020
445290	KODEX 로봇액티브
074430	아미노로직스
149950	149950
372320	WS_372320
244920	에이플러스에셋
289930	웨이비스
048410	048410
049080	049080
049180	셀루메드
347850	347850
237690	에스티팜
090710	090710
009150	009150
025950	025950
357780	솔브레인
018000	유니슨
039030	039030
005930	WS_005930
002230	피에스텍
161390	한국타이어앤테크놀로지
044490	WS_044490
011210	011210
007610	007610
473980	473980
001000	001000
009540	HD한국조선해양
091230	TIGER 반도체
078070	유비쿼스홀딩스
104620	노랑풍선
009150	PRE_009150
051910	LG화학
439960	439960
021880	021880
082800	082800
000660	000660
089860	롯데렌탈
001340	001340
278470	278470
004540	004540
000490	대동
014620	WS_014620
274090	켄코아에어로스페이스
364950	에이아이코리아
140670	알에스오토메이션
108670	108670
212560	212560
175330	WS_175330
338220	뷰노
001200	001200
009420	009420
124500	아이티센글로벌
372910	한컴라이프케어
003470	003470
092200	디아이씨
058470	WS_058470
001130	대한제분
006800	미래에셋증권
356860	WS_356860
003550	003550
025980	025980
446540	메가터치
047040	대우건설
042370	WS_042370
053450	세코닉스
432470	432470
069960	현대백화점
475430	키스트론
078350	한양디지텍
256840	256840
377450	377450
024840	024840
095910	095910
043260	043260
126700	하이비젼시스템
289080	SV인베스트먼트
009150	삼성전기
085310	엔케이
109070	주성코퍼레이션
388790	라이콤
078020	LS증권
064350	064350
376900	376900
189300	WS_189300
000545	흥국화재우
180640	WS_180640
078350	WS_078350
010120	WS_010120
088980	088980
462010	TIGER 2차전지소재Fn
451760	컨텍
011200	WS_011200
089030	WS_089030
354320	알멕
019540	일지테크
171120	라이온켐텍
446070	446070
194370	194370
439090	439090
000220	000220
760013	키움 레버리지 반도체
358570	358570
214370	WS_214370
108490	MC_108490
013360	일성건설
037030	파워넷
004800	효성
030530	WS_030530
230240	에치에프알
053700	053700
240810	240810
028670	028670
006360	WS_006360
001080	만호제강
092780	DYP
111710	111710
013700	013700
242040	242040
123010	알엔티엑스
061040	알에프텍
417310	417310
203650	203650
032790	032790
010140	PRE_010140
038460	바이오스마트
125020	125020
218410	WS_218410
009540	009540
042520	WS_042520
060280	큐렉소
036200	유니셈
251270	WS_251270
093320	093320
228340	228340
282330	282330
477850	477850
300720	300720
073490	WS_073490
290660	290660
091580	WS_091580
037460	037460
009520	포스코엠텍
071050	WS_071050
160190	하이젠알앤엠
006730	006730
005690	WS_005690
403870	MC_403870
033240	자화전자
036170	에이치엠넥스
054620	APS
289930	WS_289930
049080	기가레인
006140	피제이전자
078600	WS_078600
450080	에코프로머티
389470	인벤티지랩
042660	한화오션
317240	317240
261070	TIGER 코스닥150바이
002720	국제약품
006910	WS_006910
005290	동진쎄미켐
353200	WS_353200
001360	삼성제약
357580	WS_357580
192820	WS_192820
078150	078150
100790	100790
450080	WS_450080
001250	001250
036800	036800
456160	456160
086520	에코프로
271560	WS_271560
060280	WS_060280
010100	010100
490470	세미파이브
089970	WS_089970
037440	037440
000990	DB하이텍
016610	DB증권
046120	오르비텍
075580	세진중공업
078520	078520
090460	WS_090460
005090	SGC에너지
038110	에코플라스틱
0011T0	채비
530061	삼성 레버리지 은 선
211050	211050
012860	모베이스전자
094170	동운아나텍
382840	원준
069080	069080
017890	017890
010060	010060
065450	WS_065450
305540	TIGER 2차전지테마
026910	026910
064850	064850
001120	LX인터내셔널
035420	035420
441800	TIME Korea플러스배당
120110	WS_120110
322000	HD현대에너지솔루션
302440	SK바이오사이언스
002700	002700
007460	에이프로젠
114840	아이패밀리에스씨
193250	193250
002020	002020
471820	셀로맥스사이언스
064350	현대로템
035250	WS_035250
084370	유진테크
353200	대덕전자
126640	화신정공
004020	현대제철
123410	코리아에프티
028260	WS_028260
112040	112040
067290	JW신약
011210	WS_011210
005385	005385
039830	오로라
067310	하나마이크론
004000	WS_004000
950200	950200
208710	포톤
051915	LG화학우
053300	053300
453450	453450
047080	047080
0000J0	PLUS 한화그룹주
462350	이노스페이스
044480	빌리언스
397030	WS_397030
204610	204610
083450	083450
001120	001120
122690	서진오토모티브
011080	011080
051780	051780
218150	218150
032350	롯데관광개발
072130	072130
033640	네패스
092460	한라IMS
035890	035890
005490	POSCO홀딩스
012610	경인양행
054540	삼영엠텍
003535	한화투자증권우
412350	412350
457370	한켐
003610	003610
139320	TIGER 금은선물(H)
001230	001230
000400	롯데손해보험
373220	WS_373220
020150	WS_020150
204620	글로벌텍스프리
034020	두산에너빌리티
089860	089860
037030	WS_037030
003160	WS_003160
013120	013120
161390	161390
225570	225570
138360	앤로보틱스
002790	002790
064350	WS_064350
121600	WS_121600
243880	TIGER 200IT레버리지
001500	현대차증권
016880	016880
439960	코스모로보틱스
377990	TIGER Fn신재생에너지
487230	KODEX 미국AI전력핵심
033250	033250
330730	스톤브릿지벤처스
090430	WS_090430
377480	377480
052460	052460
010640	010640
290650	엘앤씨바이오
300080	플리토
124500	124500
207940	207940
082740	082740
000150	000150
494220	UNICORN SK하이닉스밸
005930	005930
348210	넥스틴
399720	가온칩스
001210	001210
020400	대동금속
009540	WS_009540
449450	PLUS K방산
264850	이랜시스
052790	052790
030200	KT
099320	쎄트렉아이
950160	WS_950160
058610	에스피지
091180	KODEX 자동차
094820	일진파워
024720	콜마홀딩스
089890	WS_089890
322000	PRE_322000
066980	한성크린텍
417200	LS머트리얼즈
041920	메디아나
071200	071200
112610	112610
068790	068790
019170	신풍제약
103230	에스앤더블류
036200	036200
024850	HLB이노베이션
183300	183300
002140	고려산업
010060	WS_010060
222080	222080
175330	JB금융지주
241560	WS_241560
263810	상신전자
023530	023530
003000	003000
317830	에스피시스템스
171090	선익시스템
348340	뉴로메카
005360	모나미
033100	제룡전기
073240	금호타이어
298020	298020
033780	KT&G
462510	라메디텍
003620	KG모빌리티
092200	092200
072770	072770
033500	033500
017800	017800
293490	293490
064960	SNT모티브
085910	085910
087010	펩트론
241520	DSC인베스트먼트
204270	제이앤티씨
432720	WS_432720
067000	조이시티
279570	279570
060370	060370
008040	사조동아원
229640	LS에코에너지
459510	나우로보틱스
001720	신영증권
064400	WS_064400
048410	현대바이오
047040	047040
214450	파마리서치
424760	벨로크
039440	039440
078930	078930
065170	비엘팜텍
261060	TIGER 코스닥150IT
005860	005860
069960	069960
119830	아이텍
006400	삼성SDI
028300	WS_028300
380540	옵티코어
132030	KODEX 골드선물(H)
458350	에스팀
261780	261780
091970	091970
195870	WS_195870
057050	현대홈쇼핑
281820	케이씨텍
126700	126700
129890	129890
069540	WS_069540
200710	WS_200710
053690	053690
038500	038500
383310	에코프로에이치엔
207940	삼성바이오로직스
439260	대한조선
082640	동양생명
090430	090430
035000	035000
100660	서암기계공업
019010	019010
195870	195870
950160	950160
348030	348030
398120	398120
126340	126340
490480	SOL K방산
009835	한화솔루션우
327260	RF머트리얼즈
267250	HD현대
020150	롯데에너지머티리얼즈
026150	026150
322510	322510
389680	389680
050890	쏠리드
145720	덴티움
259960	WS_259960
012510	더존비즈온
090360	로보스타
303360	303360
000080	000080
083310	083310
007460	007460
406820	뷰티스킨
000810	000810
225530	225530
056190	에스에프에이
103140	풍산
215600	신라젠
025620	025620
290690	290690
391710	코닉오토메이션
159010	159010
009240	009240
278280	WS_278280
090710	WS_090710
008730	율촌화학
403870	WS_403870
127120	제이에스링크
468530	프로티나
206650	206650
142210	유니트론텍
303530	303530
215790	215790
45226K	한화갤러리아우
081660	081660
0080Y0	SOL 조선TOP3플러스레
082920	비츠로셀
131290	티에스이
099190	아이센스
086790	하나금융지주
035900	WS_035900
000990	MC_000990
214420	214420
069260	069260
490470	490470
036460	WS_036460
059090	미코
389020	WS_389020
191410	육일씨엔에쓰
005430	005430
225190	LK삼양
255220	255220
012170	012170
271560	271560
333430	333430
110990	디아이티
035810	035810
054050	농우바이오
017510	세명전기
402490	그린리소스
096770	096770
039200	오스코텍
530104	삼성 레버리지 코스피
032830	WS_032830
041960	코미팜
382800	WS_382800
126730	코칩
042660	042660
458870	씨어스테크놀로지
083650	비에이치아이
009155	삼성전기우
053260	금강철강
020000	020000
037350	성도이엔지
004090	한국석유
066700	066700
018470	018470
322000	322000
086520	WS_086520
058470	리노공업
498410	KODEX 금융고배당TOP1
340570	340570
000860	강남제비스코
405000	405000
026940	026940
378340	필에너지
077360	덕산하이메탈
457190	이수스페셜티케미컬
062040	WS_062040
226950	올릭스
297570	297570
340440	세림B&G
265520	AP시스템
191410	191410
012200	계양전기
353200	PRE_353200
290550	290550
025440	DH오토웨어
078600	대주전자재료
119850	지엔씨에너지
039860	039860
171090	WS_171090
307180	307180
004370	004370
035610	035610
033640	WS_033640
088800	에이스테크
240600	240600
452160	제이엔비
251630	브이원텍
013580	013580
058610	WS_058610
028670	WS_028670
043260	성호전자
307180	WS_307180
372320	큐로셀
069540	빛과전자
033250	체시스
161890	161890
216080	제테마
011280	태림포장
011210	현대위아
007340	007340
007070	007070
263750	WS_263750
454910	MC_454910
004990	004990
417010	나노팀
111770	111770
214450	WS_214450
042520	한스바이오메드
005300	롯데칠성
303030	303030
251970	251970
293940	293940
102970	KODEX 증권
139130	139130
471990	KODEX AI반도체핵심장
084370	WS_084370
023160	태광
078590	휴림에이텍
049630	049630
035900	JYP Ent.
18064K	한진칼우
200670	휴메딕스
291810	291810
222080	WS_222080
007390	007390
352820	WS_352820
308170	씨티알모빌리티
046890	서울반도체
092220	092220
018670	018670
081000	일진다이아
008420	008420
451220	451220
221800	WS_221800
000240	000240
100790	미래에셋벤처투자
084670	동양고속
086280	현대글로비스
003380	WS_003380
194700	194700
139480	이마트
361610	361610
051980	051980
230240	WS_230240
005490	WS_005490
053610	프로텍
420770	기가비스
381620	제닉스로보틱스
005090	WS_005090
015260	015260
306040	에스제이그룹
462350	WS_462350
102940	102940
442580	PLUS 글로벌HBM반도체
464080	에스오에스랩
278470	에이피알
435570	435570
086450	086450
290650	290650
040350	040350
002210	002210
122870	122870
018470	조일알미늄
396500	TIGER 반도체TOP10
134580	탑코미디어
056080	WS_056080
021240	021240
014950	014950
323410	323410
055550	신한지주
412350	레이저쎌
310200	310200
417840	저스템
214430	아이쓰리시스템
093050	093050
180640	180640
017000	017000
030610	교보증권
003545	003545
200880	서연이화
009970	영원무역홀딩스
048410	WS_048410
032500	WS_032500
347700	347700
038500	삼표시멘트
025900	동화기업
157500	TIGER 증권
112610	WS_112610
058430	058430
476040	오가노이드사이언스
000540	흥국화재
005710	대원산업
041190	우리기술투자
462870	462870
317400	317400
406820	406820
475580	에이럭스
001430	세아베스틸지주
453450	WS_453450
011500	한농화성
241690	유니테크노
102370	102370
004690	004690
117580	대성에너지
270810	RISE 코스닥150
090080	090080
001290	상상인증권
196170	알테오젠
419050	419050
020000	한섬
097950	CJ제일제당
012700	012700
064290	064290
039610	화성밸브
006660	006660
474170	루미르
00680K	미래에셋증권2우B
119500	포메탈
320000	320000
005950	005950
204620	204620
403490	우듬지팜
457190	WS_457190
032830	032830
111770	영원무역
248070	248070
298830	슈어소프트테크
440110	파두
023160	WS_023160
278470	WS_278470
114450	그린생명과학
423920	TIGER 미국필라델피아
003545	대신증권우
475960	토모큐브
033170	시그네틱스
032830	PRE_032830
001390	KG케미칼
286750	286750
420770	420770
056090	시지메드텍
010120	010120
000230	일동홀딩스
080220	080220
166480	코아스템켐온
087010	087010
088130	동아엘텍
086390	유니테스트
045510	045510
394800	394800
018000	018000
484810	484810
096530	096530
383220	383220
389680	유디엠텍
092040	092040
138040	메리츠금융지주
144600	KODEX 은선물(H)
098070	한텍
003030	WS_003030
108490	로보티즈
051160	051160
294630	서남
079650	079650
078130	078130
298380	에이비엘바이오
488200	KIWOOM K-2차전지북미
201490	미투온
064400	064400
073240	073240
102260	동성케미컬
110990	110990
008350	008350
039490	키움증권
187660	187660
417010	MC_417010
007680	007680
198440	198440
006360	006360
103590	일진전기
035900	035900
009830	한화솔루션
267320	나인테크
277810	277810
042700	한미반도체
247540	WS_247540
049480	049480
052420	오성첨단소재
260970	260970
228340	동양파일
036620	감성코퍼레이션
023530	WS_023530
484810	티엑스알로보틱스
005935	005935
466920	SOL 조선TOP3플러스
088350	한화생명
187790	나노
003230	003230
053080	053080
005850	005850
011760	011760
439580	439580
272450	272450
054940	054940
054210	이랜텍
011200	011200
012690	012690
004170	004170
024060	WS_024060
031980	WS_031980
071670	에이테크솔루션
358570	지아이이노베이션
158430	WS_158430
005380	현대차
042660	WS_042660
006220	제주은행
056090	056090
395160	KODEX AI반도체
091970	나노캠텍
004170	신세계
187660	WS_187660
088980	WS_088980
034940	034940
002790	아모레퍼시픽홀딩스
248070	솔루엠
007160	007160
064260	064260
083640	인콘
000720	현대건설
316140	316140
900100	900100
088390	이녹스
008930	008930
356860	티엘비
365270	365270
036620	036620
023590	다우기술
011170	롯데케미칼
131970	WS_131970
100090	WS_100090
046970	우리로
011790	WS_011790
299660	299660
319660	WS_319660
005387	현대차2우B
071055	071055
041960	041960
122640	WS_122640
072950	WS_072950
272290	WS_272290
083450	GST
443060	HD현대마린솔루션
060720	060720
357580	아모센스
051630	051630
298040	효성중공업
030720	030720
003550	LG
098460	098460
489790	한화비전
036090	036090
096870	096870
017960	한국카본
462520	462520
071970	WS_071970
003530	한화투자증권
257720	257720
034220	LG디스플레이
006400	006400
097230	097230
035720	035720
282720	금양그린파워
146060	146060
950190	950190
300080	300080
366030	공구우먼
000650	천일고속
103590	103590
019570	플루토스
023790	023790
310210	310210
036540	WS_036540
144960	144960
005420	코스모화학
037070	037070
039200	WS_039200
003720	삼영
114810	114810
230360	에코마케팅
127120	127120
250930	예선테크
066570	066570
067290	067290
037070	파세코
187660	현대ADM
065710	065710
060250	NHN KCP
222800	WS_222800
263800	263800
456160	지투지바이오
007820	에스엠코어
322780	322780
000250	WS_000250
460930	현대힘스
323410	WS_323410
241520	WS_241520
008770	호텔신라
041020	041020
006650	대한유화
322780	코퍼스코리아
003000	부광약품
222800	심텍
170920	WS_170920
010100	한국무브넥스
033780	WS_033780
319400	WS_319400
086450	동국제약
488080	TIGER 반도체TOP10레
097800	097800
005250	녹십자홀딩스
054540	054540
000440	000440
001440	대한전선
285490	노바텍
002780	진흥기업
004980	004980
196170	WS_196170
336260	두산퓨얼셀
035600	KG이니시스
007660	007660
489790	489790
035250	강원랜드
121600	나노신소재
221800	유투바이오
002900	TYM
140860	140860
119850	119850
483650	483650
006340	대원전선
463250	TIGER K방산&우주
434730	HANARO 원자력iSelect
014940	014940
014910	성문전자
018880	한온시스템
006405	삼성SDI우
128540	에코캡
093370	후성
002350	넥센타이어
448900	448900
323350	다원넥스뷰
347850	디앤디파마텍
022100	022100
316670	KIWOOM 코스닥150
012750	012750
466810	BNK 2차전지양극재
145990	145990
277810	레인보우로보틱스
033530	SJG세종
394280	오픈엣지테크놀로지
011690	와이투솔루션
003310	대주산업
357780	WS_357780
011070	PRE_011070
049430	049430
000880	한화
199800	툴젠
003780	003780
002220	한일철강
064290	WS_064290
364980	TIGER 2차전지TOP10
222420	쎄노텍
047310	파워로직스
084650	084650
417200	WS_417200
277410	277410
091170	KODEX 은행
241710	241710
005010	휴스틸
089010	켐트로닉스
082740	한화엔진
071320	지역난방공사
144960	뉴파워프라즈마
417200	417200
170920	엘티씨
462520	조선내화
160980	160980
000720	WS_000720
460870	460870
192820	코스맥스
084010	대한제강
032830	삼성생명
475150	475150
008830	대동기어
310210	WS_310210
011930	신성이엔지
140410	메지온
247540	247540
484590	484590
011930	011930
371950	풍원정밀
108860	108860
196170	196170
041830	041830
044990	에이치엔에스하이텍
007110	일신석재
006800	MC_006800
0005D0	SOL 전고체배터리&실
359090	씨엔알리서치
055550	055550
019210	019210
307950	307950
080220	WS_080220
069920	069920
103840	우양
034020	WS_034020
066970	WS_066970
004440	삼일씨엔에스
500029	신한 레버리지 은 선
088350	MC_088350
089980	상아프론테크
002880	002880
033160	WS_033160
222080	씨아이에스
010120	LS ELECTRIC
000660	SK하이닉스
036930	PRE_036930
008770	008770
068270	PRE_068270
032800	032800
066590	우수AMS
036570	036570
213420	WS_213420
252990	252990
319660	피에스케이
307950	WS_307950
095500	095500
099410	동방선기
448900	WS_448900
234030	싸이닉솔루션
201490	201490
347850	WS_347850
074600	074600
307750	국전약품
002630	002630
079950	079950
139480	139480
033790	WS_033790
131970	131970
065450	065450
373220	LG에너지솔루션
329180	PRE_329180
085660	085660
054950	054950
461300	아이스크림미디어
322000	WS_322000
007810	코리아써키트
001270	부국증권
417970	모델솔루션
267260	HD현대일렉트릭
059090	059090
035420	NAVER
003690	코리안리
018290	018290
010060	OCI홀딩스
034020	034020
064760	티씨케이
066970	066970
009830	WS_009830
199430	199430
013310	아진산업
200710	200710
104200	NHN벅스
327260	WS_327260
252990	WS_252990
001795	대한제당우
