date,strategy,code,tier,price,basis,qty,qty_basis,signal_basis,crash_blocked,other_holder_live,entry_time,lift_time,touch_open,touch_high,touch_low,touch_close,d5
2026-09-21,elder_ema_pullback,039030,main,478000.0,band_touch,2,amount,log,N,,,,,,,,
2026-09-21,elder_ema_pullback,005935,main,200500.0,band_touch,4,amount,replay,N,,,,,,,,
2026-09-21,elder_ema_pullback,095340,main,192500.0,band_touch,5,amount,replay,N,,,,,,,,
2026-09-21,elder_ema_pullback,090430,ext,145800.0,band_touch,6,amount,replay,N,,,,,,,,
2026-09-21,elder_ema_pullback,140410,ext,76200.0,band_touch,13,amount,replay,N,,,,,,,,
2026-09-21,daytrading_3methods_breakout,456070,main,6818.6,band_touch,146,amount,log,N,,,,,,,,
2026-09-21,daytrading_3methods_breakout,001520,main,1393.5900000000001,band_touch,717,amount,log,N,,,,,,,,
2026-09-21,daytrading_3methods_breakout,007610,main,5093.35,band_touch,196,amount,log,N,,,,,,,,
2026-09-21,daytrading_3methods_breakout,012200,main,3930.0,D_open,254,amount,log,N,,,,,,,,
2026-09-21,daytrading_3methods_breakout,463480,main,4335.0,D_open,230,amount,log,N,,,,,,,,
2026-09-21,daytrading_3methods_breakout,274090,main,13100.0,D_open,76,amount,log,N,,,,,,,,
2026-09-21,daytrading_3methods_breakout,109080,main,9800.0,D_open,102,amount,log,N,,,,,,,,
2026-09-21,daytrading_3methods_breakout,052300,main,1758.0,D_open,568,amount,log,N,,,,,,,,
2026-09-21,daytrading_3methods_breakout,0004V0,main,6670.0,D_open,149,amount,log,N,,,,,,,,
2026-09-21,daytrading_3methods_breakout,321370,main,1839.0,D_open,543,amount,log,N,,,,,,,,
2026-09-21,daytrading_3methods_breakout,020000,ext,17840.0,D_open,56,amount,replay,N,,,,,,,,
2026-09-21,daytrading_3methods_breakout,078350,ext,25400.0,D_open,39,amount,replay,N,,,,,,,,
2026-09-21,daytrading_3methods_breakout,125490,ext,11900.0,D_open,84,amount,replay,N,,,,,,,,
2026-09-21,daytrading_3methods_breakout,032850,ext,4185.0,D_open,238,amount,replay,N,,,,,,,,
2026-09-21,daytrading_3methods_breakout,017510,ext,8160.0,D_open,122,amount,replay,N,,,,,,,,
2026-09-21,daytrading_3methods_breakout,228850,ext,8280.0,D_open,120,amount,replay,N,,,,,,,,
2026-09-21,daytrading_3methods_breakout,432320,ext,1761.0,D_open,567,amount,replay,N,,,,,,,,
2026-09-21,daytrading_3methods_breakout,265740,ext,8250.0,D_open,121,amount,replay,N,,,,,,,,
2026-09-21,minervini_volume_dryup,002990,main,13480.0,D_open,74,amount,replay,N,,,,,,,,
2026-09-21,minervini_volume_dryup,088350,main,5870.0,D_open,170,amount,log,N,,,,,,,,
2026-09-21,minervini_volume_dryup,006340,main,14000.0,D_open,71,amount,log,N,,,,,,,,
2026-09-21,minervini_volume_dryup,006360,main,37100.0,D_open,26,amount,replay,N,,,,,,,,
2026-09-21,minervini_volume_dryup,144960,main,10390.0,D_open,96,amount,log,N,,,,,,,,
2026-09-21,minervini_volume_dryup,090430,main,142500.0,D_open,7,amount,log,N,,,,,,,,
2026-09-21,minervini_volume_dryup,007340,main,49150.0,D_open,20,amount,log,N,,,,,,,,
2026-09-21,minervini_volume_dryup,089860,main,49550.0,D_open,20,amount,log,N,,,,,,,,
2026-09-21,minervini_volume_dryup,282330,main,137600.0,D_open,7,amount,log,N,,,,,,,,
2026-09-21,book_pullback_ma20,047770,main,3755.0,D_open,266,amount,log,N,,,,,,,,
2026-09-21,book_pullback_ma20,018000,main,1256.0,D_open,796,amount,log,N,,,,,,,,
2026-09-21,book_pullback_ma20,006340,main,14000.0,D_open,71,amount,log,N,,,,,,,,throttle_delay
2026-09-21,book_pullback_ma20,388050,main,10584.8,band_touch,94,amount,log,N,,,,,,,,throttle_delay
2026-09-21,book_pullback_ma20,006910,main,7640.0,D_open,130,amount,log,N,,,,,,,,throttle
2026-09-21,book_pullback_ma20,130660,main,13050.0,D_open,76,amount,log,N,,,,,,,,throttle
2026-09-21,book_pullback_ma20,014990,main,4090.0,D_open,244,amount,log,N,,,,,,,,throttle_delay
2026-09-21,book_pullback_ma20,090710,main,6514.5,band_touch,153,amount,log,N,,,,,,,,throttle
2026-09-21,book_pullback_ma20,125020,main,6450.0,D_open,155,amount,log,N,,,,,,,,throttle
2026-09-21,book_pullback_ma20,089970,main,54900.0,D_open,18,amount,log,N,,,,,,,,throttle
2026-09-21,book_pullback_ma20,264850,ext,5880.0,D_open,170,amount,replay,N,,,,,,,,
2026-09-21,book_pullback_ma20,012200,ext,3930.0,D_open,254,amount,replay,N,,,,,,,,
2026-09-21,book_pullback_ma20,091580,ext,22550.0,D_open,44,amount,replay,N,,,,,,,,
2026-09-21,book_pullback_ma20,263750,ext,34550.0,D_open,28,amount,replay,N,,,,,,,,
2026-09-21,book_pullback_ma20,006660,ext,13270.0,D_open,75,amount,replay,N,,,,,,,,
2026-09-21,book_pullback_ma20,056080,ext,12510.0,D_open,79,amount,replay,N,,,,,,,,
2026-09-21,book_pullback_ma20,393890,ext,10200.0,D_open,98,amount,replay,N,,,,,,,,
2026-09-21,book_pullback_ma20,012860,ext,2420.0,D_open,413,amount,replay,N,,,,,,,,
2026-09-21,book_pullback_ma20,131970,ext,86961.0,band_touch,11,amount,replay,N,,,,,,,,
2026-09-21,book_pullback_ma20,041960,ext,9910.0,D_open,100,amount,replay,N,,,,,,,,
2026-09-21,book_pullback_ma5,017900,main,10625.2,band_touch,94,amount,log,N,rs_leader(09-16),,,,,,,
2026-09-21,book_pullback_ma5,203650,main,2830.0,D_open,353,amount,log,N,,,,,,,,
2026-09-21,book_pullback_ma5,032820,main,14008.7,band_touch,71,amount,log,N,,,,,,,,
2026-09-21,book_pullback_ma5,217590,main,14695.5,band_touch,68,amount,log,N,,,,,,,,
2026-09-21,book_pullback_ma5,115440,main,10240.0,D_open,97,amount,log,N,,,,,,,,
2026-09-21,book_pullback_ma5,452260,ext,2675.0,D_open,373,amount,replay,N,,,,,,,,
2026-09-21,book_pullback_ma5,100590,ext,4989.4,band_touch,200,amount,replay,N,,,,,,,,
2026-09-21,book_pullback_ma5,142280,ext,3260.0,D_open,306,amount,replay,N,,,,,,,,
2026-09-21,book_pullback_ma5,0015N0,ext,13670.0,D_open,73,amount,replay,N,,,,,,,,
2026-09-21,book_pullback_ma5,052710,ext,17070.0,D_open,58,amount,replay,N,,,,,,,,
2026-09-21,book_pullback_ma5,033790,ext,8080.0,band_touch,123,amount,replay,N,,,,,,,,
2026-09-21,book_pullback_ma5,090460,ext,20100.0,D_open,49,amount,replay,N,,,,,,,,
2026-09-21,book_pullback_ma5,048410,ext,6830.0,D_open,146,amount,replay,N,,,,,,,,
2026-09-21,book_pullback_ma5,012200,ext,3930.0,D_open,254,amount,replay,N,,,,,,,,
2026-09-21,rs_leader,032580,main,5600.0,D_open,178,amount,log,N,,,,,,,,
2026-09-21,rs_leader,017900,main,10780.0,D_open,92,amount,replay,N,,,,,,,,
2026-09-21,rs_leader,000500,main,324000.0,D_open,3,amount,log,N,,,,,,,,
2026-09-21,rs_leader,024840,main,6440.0,D_open,155,amount,replay,N,,,,,,,,
2026-09-21,rs_leader,036930,main,208500.0,D_open,4,amount,replay,N,elder_ema_pullback(09-17),,,,,,,
2026-09-21,rs_leader,00088K,main,40550.0,D_open,24,amount,replay,N,,,,,,,,
2026-09-21,rs_leader,092190,main,8760.0,D_open,114,amount,replay,N,,,,,,,,
2026-09-21,rs_leader,020120,main,8420.0,D_open,118,amount,replay,N,book_envelope_200d(09-15),,,,,,,
2026-09-21,rs_leader,064290,main,48152.5,band_touch,20,amount,replay,N,,,,,,,,
2026-09-21,rs_leader,006340,main,14000.0,D_open,71,amount,replay,N,,,,,,,,
2026-09-21,rs_leader,001820,ext,147100.0,D_open,6,amount,replay,N,,,,,,,,
2026-09-21,rs_leader,417840,ext,14770.0,D_open,67,amount,replay,N,,,,,,,,
2026-09-21,rs_leader,222800,ext,126300.0,D_open,7,amount,replay,N,elder_ema_pullback(09-09),,,,,,,
2026-09-21,rs_leader,134580,ext,3750.0,D_open,266,amount,replay,N,,,,,,,,
2026-09-21,rs_leader,446540,ext,8560.0,D_open,116,amount,replay,N,,,,,,,,
2026-09-21,rs_leader,071200,ext,12700.0,D_open,78,amount,replay,N,,,,,,,,
2026-09-21,rs_leader,010170,ext,18450.0,D_open,54,amount,replay,N,,,,,,,,
2026-09-21,rs_leader,098120,ext,53800.0,D_open,18,amount,replay,N,book_envelope_200d(09-14),,,,,,,
2026-09-21,rs_leader,003010,ext,10460.0,D_open,95,amount,replay,N,,,,,,,,
2026-09-21,rs_leader,072950,ext,14100.0,D_open,70,amount,replay,N,,,,,,,,
2026-09-22,elder_ema_pullback,039030,main,491000.0,D_open,2,amount,log,N,,,,,,,,
2026-09-22,elder_ema_pullback,108490,main,311500.0,band_touch,3,amount,log,N,,,,,,,,
2026-09-22,elder_ema_pullback,051900,main,301500.0,band_touch,3,amount,replay,N,,,,,,,,
2026-09-22,elder_ema_pullback,131290,main,275000.0,D_open,3,amount,log,N,,,,,,,,
2026-09-22,elder_ema_pullback,064760,main,272500.0,D_open,3,amount,replay,N,,,,,,,,
2026-09-22,elder_ema_pullback,443060,main,242000.0,band_touch,4,amount,replay,N,,,,,,,,
2026-09-22,elder_ema_pullback,062040,ext,212000.0,band_touch,4,amount,replay,N,,,,,,,,
2026-09-22,elder_ema_pullback,095340,ext,205020.0,band_touch,4,amount,replay,N,,,,,,,,
2026-09-22,elder_ema_pullback,010950,ext,155600.0,band_touch,6,amount,replay,N,,,,,,,,
2026-09-22,elder_ema_pullback,161890,ext,146500.0,band_touch,6,amount,replay,N,,,,,,,,
2026-09-22,elder_ema_pullback,084370,ext,144900.0,D_open,6,amount,replay,N,,,,,,,,
2026-09-22,elder_ema_pullback,180640,ext,139800.0,band_touch,7,amount,replay,N,,,,,,,,
2026-09-22,book_envelope_200d,010580,main,2785.0,D_open,359,amount,log,N,,,,,,,,
2026-09-22,book_envelope_200d,252990,main,18300.0,D_open,54,amount,log,N,,,,,,,,throttle_delay
2026-09-22,book_envelope_200d,098120,main,58500.0,D_open,17,amount,log,N,,,,,,,,throttle_delay
2026-09-22,daytrading_3methods_breakout,099750,main,7670.0,D_open,130,amount,log,N,,,,,,,,
2026-09-22,daytrading_3methods_breakout,223250,main,3630.0,D_open,275,amount,log,N,,,,,,,,throttle_delay
2026-09-22,daytrading_3methods_breakout,086960,main,2155.0,D_open,464,amount,log,N,,,,,,,,throttle_delay
2026-09-22,daytrading_3methods_breakout,425040,main,12970.0,D_open,77,amount,log,N,,,,,,,,throttle
2026-09-22,daytrading_3methods_breakout,402490,main,7610.0,D_open,131,amount,log,N,,,,,,,,throttle
2026-09-22,daytrading_3methods_breakout,097800,main,2530.0,D_open,395,amount,log,N,,,,,,,,throttle
2026-09-22,daytrading_3methods_breakout,254490,main,16716.9,band_touch,59,amount,log,N,,,,,,,,throttle
2026-09-22,daytrading_3methods_breakout,205100,main,1441.0,D_open,693,amount,log,N,,,,,,,,throttle
2026-09-22,daytrading_3methods_breakout,226590,main,14480.0,D_open,69,amount,log,N,,,,,,,,throttle
2026-09-22,daytrading_3methods_breakout,094360,ext,12120.0,D_open,82,amount,replay,N,,,,,,,,
2026-09-22,daytrading_3methods_breakout,340810,ext,4610.0,D_open,216,amount,replay,N,,,,,,,,
2026-09-22,daytrading_3methods_breakout,314130,ext,3965.0,D_open,252,amount,replay,N,,,,,,,,
2026-09-22,daytrading_3methods_breakout,208640,ext,992.0,D_open,1008,amount,replay,N,,,,,,,,
2026-09-22,daytrading_3methods_breakout,102120,ext,7980.0,D_open,125,amount,replay,N,,,,,,,,
2026-09-22,daytrading_3methods_breakout,272110,ext,29900.0,D_open,33,amount,replay,N,,,,,,,,
2026-09-22,daytrading_3methods_breakout,033170,ext,2878.85,band_touch,347,amount,replay,N,,,,,,,,
2026-09-22,daytrading_3methods_breakout,009070,ext,4160.0,D_open,240,amount,replay,N,,,,,,,,
2026-09-22,daytrading_3methods_breakout,092220,ext,3254.8,band_touch,307,amount,replay,N,,,,,,,,
2026-09-22,daytrading_3methods_breakout,078350,ext,27400.0,D_open,36,amount,replay,N,,,,,,,,
2026-09-22,minervini_volume_dryup,088350,main,5790.0,D_open,172,amount,log,N,,,,,,,,
2026-09-22,minervini_volume_dryup,006340,main,13870.0,D_open,72,amount,log,N,book_pullback_ma20(09-21),,,,,,,
2026-09-22,minervini_volume_dryup,028670,main,5870.0,D_open,170,amount,log,N,,,,,,,,
2026-09-22,minervini_volume_dryup,006360,main,37450.0,D_open,26,amount,replay,N,,,,,,,,
2026-09-22,minervini_volume_dryup,144960,main,12020.0,D_open,83,amount,log,N,,,,,,,,
2026-09-22,minervini_volume_dryup,161890,main,145600.0,D_open,6,amount,log,N,,,,,,,,
2026-09-22,minervini_volume_dryup,090430,main,144800.0,D_open,6,amount,log,N,,,,,,,,
2026-09-22,minervini_volume_dryup,007340,main,49850.0,D_open,20,amount,log,N,,,,,,,,
2026-09-22,minervini_volume_dryup,241710,main,129000.0,D_open,7,amount,replay,N,,,,,,,,
2026-09-22,minervini_volume_dryup,005090,main,54700.0,D_open,18,amount,log,N,,,,,,,,
2026-09-22,minervini_volume_dryup,089860,ext,49050.0,D_open,20,amount,replay,N,,,,,,,,
2026-09-22,minervini_volume_dryup,282330,ext,138500.0,D_open,7,amount,replay,N,,,,,,,,
2026-09-22,book_pullback_ma20,232140,main,14310.0,D_open,69,amount,log,N,,,,,,,,
2026-09-22,book_pullback_ma20,080220,main,75952.0,band_touch,13,amount,log,N,,,,,,,,throttle
2026-09-22,book_pullback_ma20,036090,main,1450.0,D_open,689,amount,log,N,,,,,,,,throttle
2026-09-22,book_pullback_ma20,071090,main,3235.0,D_open,309,amount,log,N,,,,,,,,throttle_delay
2026-09-22,book_pullback_ma20,382800,main,5403.5,band_touch,185,amount,log,N,,,,,,,,throttle_delay
2026-09-22,book_pullback_ma20,086450,main,21000.0,D_open,47,amount,log,N,,,,,,,,throttle
2026-09-22,book_pullback_ma20,357880,main,1900.82,band_touch,526,amount,log,N,,,,,,,,throttle
2026-09-22,book_pullback_ma20,082920,main,29593.0,band_touch,33,amount,log,N,,,,,,,,throttle
2026-09-22,book_pullback_ma20,240550,ext,6320.0,D_open,158,amount,replay,N,,,,,,,,
2026-09-22,book_pullback_ma20,122640,ext,32700.0,D_open,30,amount,replay,N,,,,,,,,
2026-09-22,book_pullback_ma20,212560,ext,10534.3,band_touch,94,amount,replay,N,,,,,,,,
2026-09-22,book_pullback_ma20,056080,ext,12917.9,band_touch,77,amount,replay,N,,,,,,,,
2026-09-22,book_pullback_ma20,263750,ext,34800.0,D_open,28,amount,replay,N,,,,,,,,
2026-09-22,book_pullback_ma20,023160,ext,27350.0,D_open,36,amount,replay,N,,,,,,,,
2026-09-22,book_pullback_ma20,014620,ext,32750.0,D_open,30,amount,replay,N,,,,,,,,
2026-09-22,book_pullback_ma20,112040,ext,15160.0,D_open,65,amount,replay,N,,,,,,,,
2026-09-22,book_pullback_ma20,120110,ext,57671.0,band_touch,17,amount,replay,N,,,,,,,,
2026-09-22,book_pullback_ma20,397030,ext,18470.0,D_open,54,amount,replay,N,,,,,,,,
2026-09-22,book_pullback_ma5,017900,main,10728.199999999999,band_touch,93,amount,log,N,,,,,,,,
2026-09-22,book_pullback_ma5,036540,main,10655.5,band_touch,93,amount,log,N,,,,,,,,
2026-09-22,book_pullback_ma5,356680,main,17910.0,D_open,55,amount,log,N,,,,,,,,throttle
2026-09-22,book_pullback_ma5,332570,main,9393.0,band_touch,106,amount,log,N,,,,,,,,throttle_delay
2026-09-22,book_pullback_ma5,125490,main,12530.0,D_open,79,amount,log,N,,,,,,,,throttle_delay
2026-09-22,book_pullback_ma5,030530,main,27100.0,D_open,36,amount,log,N,,,,,,,,throttle_delay
2026-09-22,book_pullback_ma5,192650,main,8200.0,D_open,121,amount,log,N,,,,,,,,throttle
2026-09-22,book_pullback_ma5,452260,main,2715.0,D_open,368,amount,log,N,,,,,,,,throttle
2026-09-22,book_pullback_ma5,417200,main,13887.5,band_touch,72,amount,log,N,,,,,,,,throttle
2026-09-22,book_pullback_ma5,142280,main,3295.0,D_open,303,amount,log,N,,,,,,,,throttle
2026-09-22,book_pullback_ma5,001510,ext,2403.8,band_touch,416,amount,replay,N,book_pullback_ma20(09-02),,,,,,,
2026-09-22,book_pullback_ma5,092220,ext,3191.6,band_touch,313,amount,replay,N,,,,,,,,
2026-09-22,book_pullback_ma5,240550,ext,6320.0,D_open,158,amount,replay,N,,,,,,,,
2026-09-22,book_pullback_ma5,036090,ext,1450.0,D_open,689,amount,replay,N,,,,,,,,
2026-09-22,book_pullback_ma5,314130,ext,3965.0,D_open,252,amount,replay,N,,,,,,,,
2026-09-22,book_pullback_ma5,048410,ext,7080.0,D_open,141,amount,replay,N,,,,,,,,
2026-09-22,book_pullback_ma5,0011A0,ext,13040.0,D_open,76,amount,replay,N,,,,,,,,
2026-09-22,book_pullback_ma5,071090,ext,3235.0,D_open,309,amount,replay,N,,,,,,,,
2026-09-22,book_pullback_ma5,357880,ext,1900.82,band_touch,526,amount,replay,N,,,,,,,,
2026-09-22,book_pullback_ma5,160190,ext,29850.0,D_open,33,amount,replay,N,,,,,,,,
2026-09-22,rs_leader,032580,main,6600.0,D_open,151,amount,replay,N,,,,,,,,
2026-09-22,rs_leader,017900,main,10570.0,D_open,94,amount,log,N,,,,,,,,
2026-09-22,rs_leader,036930,main,211665.0,band_touch,4,amount,log,N,elder_ema_pullback(09-17),,,,,,,
2026-09-22,rs_leader,024840,main,6460.0,D_open,154,amount,replay,N,,,,,,,,
2026-09-22,rs_leader,000500,main,328055.0,band_touch,3,amount,replay,N,,,,,,,,
2026-09-22,rs_leader,351320,main,3740.0,D_open,267,amount,replay,N,,,,,,,,
2026-09-22,rs_leader,001820,main,150000.0,D_open,6,amount,log,N,,,,,,,,
2026-09-22,rs_leader,020120,main,8110.0,D_open,123,amount,log,N,,,,,,,,
2026-09-22,rs_leader,092190,ext,8672.6,band_touch,115,amount,replay,N,,,,,,,,
2026-09-22,rs_leader,131290,ext,275000.0,D_open,3,amount,replay,N,,,,,,,,
2026-09-22,rs_leader,446540,ext,9410.0,D_open,106,amount,replay,N,,,,,,,,
2026-09-22,rs_leader,417840,ext,15398.5,band_touch,64,amount,replay,N,,,,,,,,
2026-09-22,rs_leader,098120,ext,58500.0,D_open,17,amount,replay,N,,,,,,,,
2026-09-22,rs_leader,252990,ext,18300.0,D_open,54,amount,replay,N,,,,,,,,
2026-09-22,rs_leader,010170,ext,18230.0,D_open,54,amount,replay,N,,,,,,,,
2026-09-22,rs_leader,003010,ext,10270.0,D_open,97,amount,replay,N,,,,,,,,
2026-09-22,rs_leader,072950,ext,13900.0,D_open,71,amount,replay,N,,,,,,,,
2026-09-22,deep_mr_dev20,475830,main,27100.0,D_open,36,amount,log,N,,,,,,,,
2026-09-23,elder_ema_pullback,128940,main,509000.0,band_touch,1,amount,log,N,,,,,,,,
2026-09-23,elder_ema_pullback,357780,main,348000.0,band_touch,2,amount,log,N,,,,,,,,
2026-09-23,elder_ema_pullback,443060,main,247000.0,D_open,4,amount,replay,N,,,,,,,,
2026-09-23,elder_ema_pullback,003670,main,187900.0,band_touch,5,amount,replay,N,,,,,,,,
2026-09-23,elder_ema_pullback,010950,main,157000.0,band_touch,6,amount,log,N,,,,,,,,
2026-09-23,elder_ema_pullback,096770,ext,143000.0,D_open,6,amount,replay,N,,,,,,,,
2026-09-23,elder_ema_pullback,086790,ext,136600.0,band_touch,7,amount,replay,N,,,,,,,,
2026-09-23,elder_ema_pullback,058610,ext,102918.0,band_touch,9,amount,replay,N,,,,,,,,
2026-09-23,daytrading_3methods_breakout,303810,main,3126.05,band_touch,319,amount,log,N,,,,,,,,
2026-09-23,daytrading_3methods_breakout,393210,main,3310.0,D_open,302,amount,log,N,,,,,,,,
2026-09-23,daytrading_3methods_breakout,299170,main,1588.0,D_open,629,amount,log,N,,,,,,,,
2026-09-23,daytrading_3methods_breakout,051370,main,7150.0,D_open,139,amount,log,N,,,,,,,,
2026-09-23,daytrading_3methods_breakout,085670,main,3160.0,D_open,316,amount,replay,N,,,,,,,,
2026-09-23,daytrading_3methods_breakout,439580,main,3050.0,D_open,327,amount,replay,N,,,,,,,,
2026-09-23,daytrading_3methods_breakout,486990,main,23226.5,band_touch,43,amount,replay,N,,,,,,,,
2026-09-23,daytrading_3methods_breakout,049470,main,3100.0,D_open,322,amount,replay,N,,,,,,,,
2026-09-23,daytrading_3methods_breakout,068930,main,9700.0,D_open,103,amount,replay,N,,,,,,,,
2026-09-23,daytrading_3methods_breakout,067280,main,25800.0,D_open,38,amount,replay,N,,,,,,,,
2026-09-23,daytrading_3methods_breakout,0007J0,ext,13630.0,D_open,73,amount,replay,N,,,,,,,,
2026-09-23,daytrading_3methods_breakout,109670,ext,9033.1,band_touch,110,amount,replay,N,,,,,,,,
2026-09-23,daytrading_3methods_breakout,340450,ext,7300.0,D_open,136,amount,replay,N,,,,,,,,
2026-09-23,daytrading_3methods_breakout,323350,ext,9380.0,D_open,106,amount,replay,N,,,,,,,,
2026-09-23,daytrading_3methods_breakout,068790,ext,7720.0,D_open,129,amount,replay,N,,,,,,,,
2026-09-23,daytrading_3methods_breakout,012210,ext,13100.0,D_open,76,amount,replay,N,,,,,,,,
2026-09-23,daytrading_3methods_breakout,123010,ext,3345.0,D_open,298,amount,replay,N,,,,,,,,
2026-09-23,daytrading_3methods_breakout,163730,ext,12200.0,D_open,81,amount,replay,N,,,,,,,,
2026-09-23,daytrading_3methods_breakout,052710,ext,19350.0,D_open,51,amount,replay,N,,,,,,,,
2026-09-23,daytrading_3methods_breakout,187870,ext,11330.0,D_open,88,amount,replay,N,,,,,,,,
2026-09-23,minervini_volume_dryup,002990,main,13410.0,D_open,74,amount,replay,N,,,,,,,,
2026-09-23,minervini_volume_dryup,088350,main,5640.0,D_open,177,amount,log,N,,,,,,,,
2026-09-23,minervini_volume_dryup,006340,main,13860.0,D_open,72,amount,log,N,book_pullback_ma20(09-21),,,,,,,
2026-09-23,minervini_volume_dryup,028670,main,5760.0,D_open,173,amount,log,N,,,,,,,,
2026-09-23,minervini_volume_dryup,006360,main,37400.0,D_open,26,amount,replay,N,,,,,,,,
2026-09-23,minervini_volume_dryup,161890,main,144300.0,D_open,6,amount,log,N,,,,,,,,
2026-09-23,minervini_volume_dryup,181710,main,57200.0,D_open,17,amount,log,N,,,,,,,,
2026-09-23,minervini_volume_dryup,090430,main,141000.0,D_open,7,amount,log,N,,,,,,,,
2026-09-23,minervini_volume_dryup,007340,main,49600.0,D_open,20,amount,log,N,,,,,,,,
2026-09-23,minervini_volume_dryup,241710,main,125300.0,D_open,7,amount,replay,N,,,,,,,,
2026-09-23,minervini_volume_dryup,159010,ext,24900.0,D_open,40,amount,replay,N,,,,,,,,
2026-09-23,minervini_volume_dryup,005090,ext,52600.0,D_open,19,amount,replay,N,,,,,,,,
2026-09-23,minervini_volume_dryup,192820,ext,265500.0,D_open,3,amount,replay,N,elder_ema_pullback(09-15),,,,,,,
2026-09-23,minervini_volume_dryup,180640,ext,142700.0,D_open,7,amount,replay,N,,,,,,,,
2026-09-23,book_pullback_ma20,003280,main,1801.0,D_open,555,amount,replay,N,,,,,,,,
2026-09-23,book_pullback_ma20,024060,main,12530.0,D_open,79,amount,log,N,,,,,,,,
2026-09-23,book_pullback_ma20,018000,main,1240.0,D_open,806,amount,replay,N,,,,,,,,
2026-09-23,book_pullback_ma20,025980,main,5400.0,D_open,185,amount,log,N,,,,,,,,throttle_delay
2026-09-23,book_pullback_ma20,187660,main,6600.0,D_open,151,amount,log,N,,,,,,,,throttle_delay
2026-09-23,book_pullback_ma20,047770,main,3750.0,D_open,266,amount,log,N,,,,,,,,throttle
2026-09-23,book_pullback_ma20,388050,main,10867.6,band_touch,92,amount,log,N,,,,,,,,throttle
2026-09-23,book_pullback_ma20,299660,main,2913.85,band_touch,343,amount,log,N,,,,,,,,throttle
2026-09-23,book_pullback_ma20,008970,main,1181.7,band_touch,846,amount,log,N,,,,,,,,throttle
2026-09-23,book_pullback_ma20,090460,main,20100.0,D_open,49,amount,log,N,,,,,,,,throttle
2026-09-23,book_pullback_ma20,130660,ext,12990.0,D_open,76,amount,replay,N,,,,,,,,
2026-09-23,book_pullback_ma20,071090,ext,3450.0,D_open,289,amount,replay,N,,,,,,,,
2026-09-23,book_pullback_ma20,100130,ext,1441.0,D_open,693,amount,replay,N,,,,,,,,
2026-09-23,book_pullback_ma20,065170,ext,2235.0,D_open,447,amount,replay,N,,,,,,,,
2026-09-23,book_pullback_ma20,204620,ext,5908.5,band_touch,169,amount,replay,N,,,,,,,,
2026-09-23,book_pullback_ma20,263860,ext,17947.7,band_touch,55,amount,replay,N,,,,,,,,
2026-09-23,book_pullback_ma20,014280,ext,4450.0,D_open,224,amount,replay,N,,,,,,,,
2026-09-23,book_pullback_ma20,299170,ext,1560.45,band_touch,640,amount,replay,N,,,,,,,,
2026-09-23,book_pullback_ma20,039610,ext,6150.0,D_open,162,amount,replay,N,,,,,,,,
2026-09-23,book_pullback_ma20,002710,ext,11720.0,D_open,85,amount,replay,N,,,,,,,,
2026-09-23,book_pullback_ma5,321370,main,1727.0,D_open,579,amount,log,N,,,,,,,,
2026-09-23,book_pullback_ma5,457370,main,11514.0,band_touch,86,amount,log,N,,,,,,,,throttle_delay
2026-09-23,book_pullback_ma5,217590,main,14650.0,D_open,68,amount,log,N,,,,,,,,throttle_delay
2026-09-23,book_pullback_ma5,050890,main,9460.0,D_open,105,amount,log,N,,,,,,,,throttle
2026-09-23,book_pullback_ma5,071090,main,3450.0,D_open,289,amount,log,N,,,,,,,,throttle
2026-09-23,book_pullback_ma5,452260,main,2690.0,D_open,371,amount,log,N,,,,,,,,throttle
2026-09-23,book_pullback_ma5,047770,main,3750.0,D_open,266,amount,log,N,,,,,,,,throttle
2026-09-23,book_pullback_ma5,255220,main,1091.25,band_touch,916,amount,log,N,,,,,,,,throttle
2026-09-23,book_pullback_ma5,357580,main,7039.7,band_touch,142,amount,log,N,,,,,,,,throttle
2026-09-23,book_pullback_ma5,299660,main,2913.85,band_touch,343,amount,log,N,,,,,,,,throttle
2026-09-23,book_pullback_ma5,090460,ext,20100.0,D_open,49,amount,replay,N,,,,,,,,
2026-09-23,book_pullback_ma5,100790,ext,17473.0,band_touch,57,amount,replay,N,,,,,,,,
2026-09-23,book_pullback_ma5,456070,ext,5880.0,D_open,170,amount,replay,N,,,,,,,,
2026-09-23,book_pullback_ma5,388050,ext,10867.6,band_touch,92,amount,replay,N,,,,,,,,
2026-09-23,book_pullback_ma5,047400,ext,988.79,band_touch,1011,amount,replay,N,,,,,,,,
2026-09-23,book_pullback_ma5,037030,ext,3735.0,D_open,267,amount,replay,N,,,,,,,,
2026-09-23,book_pullback_ma5,032500,ext,19640.0,D_open,50,amount,replay,N,,,,,,,,
2026-09-23,book_pullback_ma5,446540,ext,9480.0,D_open,105,amount,replay,N,,,,,,,,
2026-09-23,book_pullback_ma5,051370,ext,7150.0,D_open,139,amount,replay,N,,,,,,,,
2026-09-23,book_pullback_ma5,412350,ext,5484.3,band_touch,182,amount,replay,N,,,,,,,,
2026-09-23,rs_leader,032580,main,6460.0,D_open,154,amount,log,N,,,,,,,,
2026-09-23,rs_leader,159010,main,24900.0,D_open,40,amount,log,N,,,,,,,,throttle
2026-09-23,rs_leader,017900,main,10230.0,D_open,97,amount,replay,N,,,,,,,,
2026-09-23,rs_leader,064290,main,56200.0,D_open,17,amount,log,N,,,,,,,,throttle_delay
2026-09-23,rs_leader,036930,main,205500.0,D_open,4,amount,log,N,elder_ema_pullback(09-17),,,,,,,throttle
2026-09-23,rs_leader,024840,main,6622.900000000001,band_touch,150,amount,log,N,,,,,,,,throttle_delay
2026-09-23,rs_leader,222800,main,148200.0,D_open,6,amount,log,N,elder_ema_pullback(09-09),,,,,,,throttle
2026-09-23,rs_leader,001820,main,151200.0,D_open,6,amount,log,N,,,,,,,,throttle_delay
2026-09-23,rs_leader,006340,main,13860.0,D_open,72,amount,log,N,book_pullback_ma20(09-21),,,,,,,throttle
2026-09-23,rs_leader,131290,main,280000.0,D_open,3,amount,log,N,elder_ema_pullback(09-22),,,,,,,throttle
2026-09-23,rs_leader,417840,ext,16140.0,D_open,61,amount,replay,N,,,,,,,,
2026-09-23,rs_leader,446540,ext,9480.0,D_open,105,amount,replay,N,,,,,,,,
2026-09-23,rs_leader,010170,ext,17950.0,D_open,55,amount,replay,N,,,,,,,,
2026-09-23,rs_leader,098120,ext,57000.0,D_open,17,amount,replay,N,book_envelope_200d(09-22),,,,,,,
2026-09-23,rs_leader,066570,ext,215500.0,D_open,4,amount,replay,N,,,,,,,,
2026-09-23,rs_leader,252990,ext,17480.0,D_open,57,amount,replay,N,book_envelope_200d(09-22),,,,,,,
2026-09-23,rs_leader,072950,ext,12870.0,D_open,77,amount,replay,N,,,,,,,,
2026-09-23,rs_leader,059090,ext,22150.0,D_open,45,amount,replay,N,,,,,,,,
2026-09-23,rs_leader,119850,ext,55000.0,D_open,18,amount,replay,N,,,,,,,,
2026-09-23,deep_mr_dev20,475830,main,25550.0,D_open,39,amount,log,N,,,,,,,,
2026-09-23,deep_mr_dev20,298380,main,49700.0,D_open,20,amount,log,N,,,,,,,,
