control,cell,n,n_codes,delta,t,want_gap,want_gap_row_max_abs,realized_depth_gap
c1,low-lb60-mg0.3|exo|c0.8,27404,2521,0.005663639777889085,7.712214679405501,0.0002712312881182108,0.47491235295837786,0.01738071629547404
c1,low-lb60-mg0.3|pit|c0.6,25872,2516,0.0050996271353801245,7.561137318898636,-8.960030957033198e-05,0.38512660229159595,0.01518920504120779
c1,low-lb60-mg0.3|pit|c0.8,25872,2516,0.00477488892800948,7.558785868954452,0.00019271731617326765,0.38427350617630346,0.01328247084717997
c1,low-lb60-mg0.3|pit|c1.0,25872,2516,0.0052431171348782096,7.375793703228098,-0.0004982794073895854,0.38538905586331756,0.011276789197495043
c1,low-lb60-mg0.3|exo|c1.0,27404,2521,0.005505888349059303,7.070141812048525,7.241031648592371e-05,0.4964572766109938,0.015248042160097966
c1,low-lb60-mg0.3|exo|c0.6,27404,2521,0.0055345327693168645,6.969258172245067,0.00021564195547238635,0.478144500853519,0.01938804680074365
c1,low-lb120-mg0.3|pit|c0.6,16180,2449,0.004433108441590839,6.459106016227895,-5.763831062361941e-05,0.28808424142574174,0.014982502567111295
c1,low-lb120-mg0.3|pit|c0.8,16180,2449,0.004333704360038341,6.402545646546522,-0.0007981196793758076,0.31432374876128755,0.013364878366307826
c1,low-lb120-mg0.3|pit|c1.0,16180,2449,0.004106848936721539,6.139092380818918,-0.00031119515554831653,0.3172554058838871,0.010636746804498429
c1,low-lb60-mg0.5|exo|c1.0,17606,2375,0.0052592197177770954,5.44836269354752,0.0010324924744827347,0.45232881964936583,0.010038059018250837
c1,low-lb60-mg0.5|exo|c0.8,17606,2375,0.005279860842502455,5.141288922785124,0.0004217892306005025,0.4717363687476365,0.010687487654616213
c1,low-lb120-mg0.3|exo|c0.6,16938,2452,0.004454596472950135,5.118925982417533,-0.00011952035002071979,0.4846738132354823,0.025050604069053038
c1,low-lb60-mg0.5|pit|c0.6,16684,2355,0.0036392867436837294,4.736486870978122,0.00036218569932400507,0.3217701566456682,0.007978285490574414
c1,low-lb60-mg0.5|exo|c0.6,17606,2375,0.004353426510078237,4.426529334236078,-0.0002804631418746628,0.46357243833485373,0.012342895193909539
c1,low-lb120-mg0.3|exo|c0.8,16938,2452,0.0037360076296782075,4.367618647889236,-0.00018633572771675611,0.47466609000732496,0.022734131581210678
c1,low-lb120-mg0.3|exo|c1.0,16938,2452,0.003329180113886303,3.9412491810151415,-0.0009902134609444523,0.5379464370557242,0.01855227238132181
c1,low-lb60-mg0.5|pit|c0.8,16684,2355,0.003066334650787391,3.661191300355851,-0.0008675547545972469,0.3175349352733484,0.007403199159551205
c1,low-lb60-mg0.5|pit|c1.0,16684,2355,0.0022691955660018477,2.7975260649111218,-9.596776408430669e-05,0.3278091731626508,0.006503747512116132
c2,low-lb120-mg0.3|pit|c0.6,16180,2449,0.007695232988893699,11.970779168495852,-2.8647596587206604e-19,1.6653345369377348e-16,0.020239319812991353
c2,low-lb60-mg0.3|pit|c1.0,25872,2516,0.007205019145911019,11.577594089647919,6.544102166641016e-20,2.220446049250313e-16,0.006441318267804888
c2,low-lb120-mg0.3|pit|c0.8,16180,2449,0.006972726880981667,11.199735588473812,3.6367008841244313e-19,1.6653345369377348e-16,0.014811087316558398
c2,low-lb60-mg0.3|exo|c1.0,27404,2521,0.006487107855542708,11.15482808457666,1.559757205082051e-19,1.6653345369377348e-16,0.004532905603388885
c2,low-lb60-mg0.5|pit|c1.0,16684,2355,0.00835458071726486,10.803898898351104,-6.488057114657921e-20,2.220446049250313e-16,0.007551036937318054
c2,low-lb60-mg0.3|pit|c0.8,25872,2516,0.007069536800724047,10.462160858572522,4.183934172114748e-20,1.6653345369377348e-16,0.012612766067861395
c2,low-lb60-mg0.5|exo|c1.0,17606,2375,0.007849185982022406,10.246072216154959,1.0404793767076612e-19,1.6653345369377348e-16,0.005231903058414374
c2,low-lb60-mg0.3|pit|c0.6,25872,2516,0.006260932341135768,10.154103410017893,-1.1693559609243782e-19,1.6653345369377348e-16,0.018004560351921484
c2,low-lb60-mg0.3|exo|c0.8,27404,2521,0.004419750803992687,9.796235430517443,4.962863834351981e-19,1.6653345369377348e-16,0.008626668582645446
c2,low-lb120-mg0.3|pit|c1.0,16180,2449,0.006143383591979003,9.778730175896797,5.300663081105892e-19,1.942890293094024e-16,0.00733138130971442
c2,low-lb60-mg0.5|pit|c0.6,16684,2355,0.007477170607732918,9.31442314553795,-2.445498450909524e-19,1.6653345369377348e-16,0.020269484864815435
c2,low-lb120-mg0.3|exo|c1.0,16938,2452,0.004748686914538894,8.786164951026372,3.3264741114492085e-19,1.942890293094024e-16,0.005352727179852278
c2,low-lb60-mg0.5|pit|c0.8,16684,2355,0.007649666210671698,8.636401760331138,-3.6100215227712026e-19,1.6653345369377348e-16,0.014490196283578683
c2,low-lb120-mg0.3|exo|c0.6,16938,2452,0.004748950740668234,8.541617505167995,3.900004130664589e-19,2.220446049250313e-16,0.014469002666976755
c2,low-lb120-mg0.3|exo|c0.8,16938,2452,0.004769530872884427,8.378335910830232,2.0647080691753708e-19,1.6653345369377348e-16,0.01048597873565307
c2,low-lb60-mg0.5|exo|c0.8,17606,2375,0.005149007854705972,8.07120629694011,4.650627517102425e-19,1.6653345369377348e-16,0.010051284356524524
c2,low-lb60-mg0.5|exo|c0.6,17606,2375,0.004862102356491231,6.818748876413287,3.1529678082050337e-19,2.220446049250313e-16,0.01358562380777712
c2,low-lb60-mg0.3|exo|c0.6,27404,2521,0.003435626527297578,6.126118780451251,1.8534777177273724e-19,2.220446049250313e-16,0.01184179589059159
